Title_Incident_Report,Segment,Location,Department_Area,Incident_Type,Process,Operation_Mode,Machine_Category,Machine_Type,Risk_Factor,Repeat_Incident,Maximum_Possible_Damage_Harm_Occurred,Employee_Type,Gender,Type_Of_Injury,Injured_Body_Part,Lost_Days,Damage_Harm_Sufficient_and_Correct_in_RA,accident type ,Date_fix
Left Hand Injury,Electric,SousseMETS,Production,A2-Injury with lost time,I - 7003 - measurement,Normal operation,Other,,1.1 - Controlled moved unprotected parts,NO,YES,DRX,Male,Abrasion,Hand,10.0,NO,,28/3/2019
Left Index Finger Injury,Electric,SousseMETS,VK,A2-Injury with lost time,I - 3020 - cutting - roll_goods,Normal operation,ProcElectrics Machine,SERTInteriorSAGE (::),1.1 - Controlled moved unprotected parts,YES,YES,DRX,Female,Crush/Bruise,Hand,15.0,YES,,2/4/2019
Left Hand Injury,Electric,SousseMETS,Production,A2-Injury with lost time,I - 7003 - measurement,Normal operation,Other,,1.1 - Controlled moved unprotected parts,NO,YES,DRX,Male,Abrasion,Hand,10.0,NO,,27/3/2019
Left Second Finger Wound,Electric,SousseMETS,VK,A2-Injury with lost time,I - 3013 - cutting - manual,Normal operation,Other,Coupe tElectrica,1.1 - Controlled moved unprotected parts,NO,YES,DRX,Female,Stab injury,Hand,10.0,NO,,1/3/2019
Right Elbow Injury,Electric,SousseMETS,Zeta,A2-Injury with lost time,E - 4001 crimping - contact_part,Normal operation,ProcElectrics Machine,Hanke 971,1.1 - Controlled moved unprotected parts,YES,NO,DRX,Male,Stab injury,Hand,12.0,YES,,28/6/2019
Back Injury,System,SousseMETS,BX8,A2-Injury with lost time,E - 4003 assembly - comb_conectro_/fuse_beam,Normal operation,Tools / Utilities,plan de travail,1.1 - Controlled moved unprotected parts,NO,NO,DRX,Female,Crush/Bruise,Body,12.0,YES,,12/12/2019
Open Index Finger Wound,Electric,SousseMETS,Zeta,A2-Injury with lost time,E - 4001 crimping - contact_part,Normal operation,ProcElectrics Machine,Hanke 971,1.1 - Controlled moved unprotected parts,YES,NO,DRX,Male,Stab injury,Hand,12.0,YES,,7/2/2019
Right Middle Finger Injury,Electric,SousseMETS,KS,A2-Injury with lost time,I - 3022 - cutting - machine,Normal operation,ProcElectrics Machine,schleuniger,1.1 - Controlled moved unprotected parts,NO,NO,DRX,Male,Laceration,Hand,4.0,NO,,1/10/2019
Leather Mold Accident,Interior,SousseUATS,Production,A2-Injury with lost time,I - 3002 - cutting - leather,Normal operation,Metal Working Machine,cutting mold,1.1 - Controlled moved unprotected parts,NO,YES,DRX,Male,Abrasion,Hand,3.0,NO,,8/1/2019
Left Big Toe Contusion,System,ElJem,IR,A2-Injury with lost time,I - 4008 - assembly,Normal operation,Conveyor System / Robot,AGV SystemSTEM,1.2 - Parts with dangerous surfaces,NO,YES,DRX,Female,Sprain/Strain,Foot,15.0,NO,,16/4/2019
Head Injury,System,ElJem,IR,A2-Injury with lost time,E - 8001 commInteriorsioning,Normal operation,Other,,1.2 - Parts with dangerous surfaces,NO,YES,DRX,Male,Other,Head,7.0,YES,,7/6/2019
Right Knee Injury,System,ElJem,MM,A2-Injury with lost time,I - 4008 - assembly,Normal operation,Other,,1.2 - Parts with dangerous surfaces,YES,NO,DRX,Female,Sprain/Strain,Foot,7.0,NO,,3/7/2019
Right Knee Injury,System,ElJem,MM,A2-Injury with lost time,I - 4008 - assembly,Normal operation,Other,,1.2 - Parts with dangerous surfaces,YES,NO,DRX,Female,Sprain/Strain,Foot,8.0,NO,,3/7/2019
Left Foot Injury,System,ElJem,MM,A2-Injury with lost time,I - 4008 - assembly,Normal operation,Other,,1.2 - Parts with dangerous surfaces,NO,YES,DRX,Female,Other,Foot,10.0,YES,,22/8/2019
Finger Laceration,System,ElJem,IR,A2-Injury with lost time,I - 4008 - assembly,Normal operation,Machine Tool,tElectrica cutter,1.2 - Parts with dangerous surfaces,YES,YES,DRX,Female,Cut,Hand,10.0,YES,,3/9/2019
Deep Laceration with Stitches,System,ElJem,IR,A2-Injury with lost time,I - 4008 - assembly,Normal operation,Other,,1.2 - Parts with dangerous surfaces,YES,YES,DRX,Female,Cut,Hand,10.0,YES,,25/9/2019
Left Thumb Injury,System,ElJem,IR,A2-Injury with lost time,I - 4014 - pressing_(joining) - ironing_pressing,Normal operation,Power / Work Machine,Ushall,1.2 - Parts with dangerous surfaces,NO,YES,DRX,Female,Cut,Hand,1.0,YES,,26/9/2019
Right Shoulder Contusion,System,ElJem,IR,A2-Injury with lost time,I - 4008 - assembly,Normal operation,Other,,1.2 - Parts with dangerous surfaces,YES,YES,DRX,Female,Abrasion,Body,8.0,YES,,30/9/2019
Left Fifth Toe Injury,System,ElJem,Production,A2-Injury with lost time,I - 4008 - assembly,Normal operation,Other,,1.2 - Parts with dangerous surfaces,NO,YES,DRX,Male,Fracture,Foot,45.0,YES,,27/8/2019
Hand Injury,System,ElJem,MM,A2-Injury with lost time,I - 4016 - screwing,Normal operation,Other,,1.2 - Parts with dangerous surfaces,NO,YES,DRX,Male,Other,Hand,10.0,NO,,25/10/2019
Eye Injury,System,ElJem,IR,A2-Injury with lost time,I - 4008 - assembly,Normal operation,Other,,1.2 - Parts with dangerous surfaces,YES,YES,DRX,Female,Other,Eye,3.0,YES,,20/11/2019
Right Thumb Laceration,System,ElJem,MR,A2-Injury with lost time,I - 4008 - assembly,Normal operation,Other,,1.2 - Parts with dangerous surfaces,YES,YES,DRX,Male,Cut,Hand,4.0,YES,,18/11/2019
Left Big Toe Contusion,System,ElJem,IR,A2-Injury with lost time,I - 4008 - assembly,Normal operation,Conveyor System / Robot,AGV SystemSTEM,1.2 - Parts with dangerous surfaces,NO,YES,DRX,Female,Sprain/Strain,Foot,15.0,YES,,1/5/2019
Right Index Finger Injury,Electric,SousseMETS,KS,A2-Injury with lost time,I - 4008 - assembly,Normal operation,Power / Work Machine,Machine CRMP CENTER 365,1.2 - Parts with dangerous surfaces,YES,YES,DRX,male,Abrasion,Hand,10.0,NO,,3/1/2019
Back Injury,Electric,SousseMETS,Logistics,A2-Injury with lost time,,Normal operation,Other,,1.2 - Parts with dangerous surfaces,NO,YES,DRX,Male,Other,Body,15.0,NO,,16/1/2019
Right Hand Wound,Electric,SousseMETS,KS,A2-Injury with lost time,,Normal operation,Other,,1.2 - Parts with dangerous surfaces,NO,YES,DRX,Male,Stab injury,Hand,12.0,NO,,13/2/2019
Right Thumb Wound,Electric,SousseMETS,Assembly,A2-Injury with lost time,,Normal operation,Other,,1.2 - Parts with dangerous surfaces,NO,YES,DRX,Male,Stab injury,Hand,8.0,NO,,8/1/2019
Right Index Finger Injury,Electric,SousseMETS,Maintenance,A2-Injury with lost time,I - 7005 - testing,Maintenance,ProcElectrics Machine,PrElectrics MFU,1.2 - Parts with dangerous surfaces,NO,YES,DRX,Male,Crush/Bruise,Hand,30.0,NO,,23/1/2019
Head Wound,Electric,SousseMETS,KS,A2-Injury with lost time,I - 3022 - cutting - machine,Normal operation,Other,,1.2 - Parts with dangerous surfaces,NO,YES,DRX,Male,Stab injury,Head,8.0,NO,,9/1/2019
Head Wound,Electric,SousseMETS,KS,A2-Injury with lost time,E - 7002 testing - function_electrical,Normal operation,Other,,1.2 - Parts with dangerous surfaces,YES,YES,DRX,Male,Stab injury,Head,6.0,NO,,25/1/2019
Right Third Finger Injury with Wound,Electric,SousseMETS,Zeta,A2-Injury with lost time,I - 4008 - assembly,Normal operation,Power / Work Machine,Hanke,1.2 - Parts with dangerous surfaces,NO,YES,DRX,Female,Stab injury,Hand,8.0,NO,,13/3/2019
Left Thumb Wound,Electric,SousseMETS,KS,A2-Injury with lost time,I - 4015 - pressing_(joining) - roll_pressing,Testing mode,Other,SCHÄFER,1.2 - Parts with dangerous surfaces,YES,YES,DRX,Male,Fracture,Hand,35.0,YES,,5/3/2019
Index Finger Crush,System,SousseMETS,VK,A2-Injury with lost time,E - 4015 crimping - double strike - wire-contact_part,Maintenance,ProcElectrics Machine,HANKE,1.2 - Parts with dangerous surfaces,YES,NO,DRX,Male,Cut,Hand,45.0,NO,,18/9/2019
Right Thumb Wound,Interior,SousseMETS,KS,A2-Injury with lost time,,Normal operation,Other,,1.2 - Parts with dangerous surfaces,NO,YES,DRX,Male,Stab injury,Hand,8.0,NO,,8/1/2019
Index Finger Injury,System,SousseMETS,BX8,A2-Injury with lost time,"E - 7015 extracting,_laying-up_and_handle - wire_/_module_/wire_harnElectrics",Testing mode,Tools / Utilities,,1.2 - Parts with dangerous surfaces,NO,NO,DRX,Male,Cut,Hand,10.0,NO,,10/9/2019
Index Finger Injury,System,SousseMETS,BX8,A2-Injury with lost time,"E - 7015 extracting,_laying-up_and_handle - wire_/_module_/wire_harnElectrics",Testing mode,Tools / Utilities,,1.2 - Parts with dangerous surfaces,NO,NO,DRX,Male,Abrasion,Hand,10.0,NO,,9/9/2019
Hand Injury,System,ElJem,MM,A2-Injury with lost time,"E - 7015 extracting,_laying-up_and_handle - wire_/_module_/wire_harnElectrics",Normal operation,Other,,1.3 - Transport and mobile work equipment,NO,NO,DRX,Male,Sprain/Strain,Hand,16.0,NO,,7/5/2019
Right Upper Abdominal Pain,System,ElJem,Logistics,A2-Injury with lost time,I - 3003 - turning,Normal operation,Other,,1.3 - Transport and mobile work equipment,NO,NO,DRX,Male,Crush/Bruise,Arm,2.0,NO,,10/6/2019
Right Wrist Injury,Electric,Siliana,Logistics,A2-Injury with lost time,Other,Normal operation,Other,no machine,1.3 - Transport and mobile work equipment,NO,NO,DRX,Male,Fracture,Body,3.0,NO,,21/5/2019
Right Foot and Hand Injury,Electric,SousseMETS,Logistics,A2-Injury with lost time,I - 8004 - internal_transport,Normal operation,ProcElectrics Machine,forklift,1.3 - Transport and mobile work equipment,NO,YES,DRX,Male,Crush/Bruise,Foot,15.0,YES,,25/2/2019
Right Hand Injury,Electric,SousseMETS,BX8,A2-Injury with lost time,I - 4008 - assembly,Normal operation,Other,,1.3 - Transport and mobile work equipment,YES,YES,DRX,Female,Crush/Bruise,Hand,15.0,NO,,17/1/2019
Knee Injury,System,SousseMETS,KS,A2-Injury with lost time,I - 8004 - internal_transport,Normal operation,Tools / Utilities,chariot,1.3 - Transport and mobile work equipment,YES,NO,DRX,Male,Crush/Bruise,Foot,7.0,YES,,2/8/2019
Right Hand Injury,Electric,SousseMETS,BX8,A2-Injury with lost time,I - 4008 - assembly,Normal operation,Other,,1.3 - Transport and mobile work equipment,YES,YES,DRX,Female,Crush/Bruise,Hand,15.0,NO,,2/2/2019
Right Middle Finger Injury,System,SousseMETS,KS,A2-Injury with lost time,I - 8004 - internal_transport,Normal operation,Tools / Utilities,trolley,1.3 - Transport and mobile work equipment,YES,NO,DRX,Male,Stab injury,Hand,10.0,YES,,20/8/2019
Lower Back Pain,System,ElJem,IR,A2-Injury with lost time,I - 4008 - assembly,Normal operation,Other,,1.4 - Uncontrolled moving parts,YES,YES,DRX,Female,Other,Body,7.0,YES,,19/9/2019
Left Hand Injury,Electric,SousseMETS,KS,A2-Injury with lost time,E - 8001 commInteriorsioning,Normal operation,Other,,1.4 - Uncontrolled moving parts,NO,YES,DRX,Male,Crush/Bruise,Hand,4.0,NO,,29/1/2019
Eye Injury,Electric,SousseMETS,BX8,A2-Injury with lost time,E - 3001 skinning_/_strip_/_removing - removal - wire_insulation,Normal operation,Other,,1.4 - Uncontrolled moving parts,NO,YES,DRX,Female,Crush/Bruise,Eye,6.0,NO,,16/12/2019
Eye Injury,Electric,SousseMETS,BX8,A2-Injury with lost time,E - 3001 skinning_/_strip_/_removing - removal - wire_insulation,Normal operation,Other,,1.4 - Uncontrolled moving parts,NO,YES,DRX,Female,Crush/Bruise,Eye,8.0,NO,,29/11/2019
Hand Injury,System,ElJem,MR,A2-Injury with lost time,I - 4008 - assembly,Normal operation,Other,,"1.5 - Falling, slipping, stumbling, tripping",NO,YES,DRX,Male,Sprain/Strain,Hand,7.0,YES,,1/3/2019
Lower Back Injury,System,ElJem,Assembly,A2-Injury with lost time,I - 3013 - cutting - manual,Malfunction,Other,,"1.5 - Falling, slipping, stumbling, tripping",YES,YES,DRX,Female,Sprain/Strain,Body,7.0,NO,,2/4/2019
Right Foot Injury,System,ElJem,MR,A2-Injury with lost time,I - 3003 - turning,Normal operation,Other,,"1.5 - Falling, slipping, stumbling, tripping",YES,YES,DRX,Female,Sprain/Strain,Foot,15.0,NO,,21/6/2019
Knee Contusion,System,ElJem,MR,A2-Injury with lost time,I - 4008 - assembly,Normal operation,Other,,"1.5 - Falling, slipping, stumbling, tripping",NO,NO,DRX,Female,Other,Foot,10.0,YES,,22/6/2019
Right Hand Injury from Fall,Electric,Siliana,MR,A2-Injury with lost time,,Normal operation,Machine Tool,no machine,"1.5 - Falling, slipping, stumbling, tripping",NO,YES,DRX,Female,Fracture,Hand,4.0,YES,,9/7/2019
Left Shoulder Injury,Electric,Siliana,SI,A2-Injury with lost time,I - 4007 - gluing - assembly_bonding,Maintenance,Other,no machine,"1.5 - Falling, slipping, stumbling, tripping",NO,YES,DRX,Male,Fracture,Hand,7.0,NO,,10/6/2019
Leg Injury from Slip,Electric,Siliana,ZSB,A2-Injury with lost time,,Normal operation,Other,No involved Machine,"1.5 - Falling, slipping, stumbling, tripping",NO,YES,DRX,Female,Sprain/Strain,Foot,14.0,YES,,30/8/2019
Left Hand Injury from Fall,Electric,Siliana,Logistics,A2-Injury with lost time,,Normal operation,Other,,"1.5 - Falling, slipping, stumbling, tripping",NO,YES,DRX,Male,Fracture,Hand,42.0,YES,,30/8/2019
Knee Sprain,Interior,SousseUATS,Production,A2-Injury with lost time,,Normal operation,Other,Steps,"1.5 - Falling, slipping, stumbling, tripping",NO,YES,DRX,Female,Sprain/Strain,Leg,11.0,NO,,1/7/2019
Lower Back Pain,Interior,SousseUATS,Production,A2-Injury with lost time,I - 1007 - extrusion - back-pressing,Normal operation,Other,,"1.5 - Falling, slipping, stumbling, tripping",NO,NO,DRX,Male,Other,Body,9.0,NO,,20/8/2019
Right Wrist Injury,System,ElJem,MM,A2-Injury with lost time,I - 4008 - assembly,Normal operation,Other,,1.6 - Falls,NO,YES,DRX,Male,Other,Hand,4.0,YES,,11/10/2019
Right Hand Injury,Electric,SousseMETS,Production,A2-Injury with lost time,Other,Normal operation,Other,,1.6 - Falls,YES,YES,DRX,Male,Crush/Bruise,Hand,30.0,NO,,8/4/2019
Finger Sprain,System,ElJem,IR,A2-Injury with lost time,"E - 7015 extracting,_laying-up_and_handle - wire_/_module_/wire_harnElectrics",Normal operation,Other,,10.1 - Work contents/job assignments,YES,YES,DRX,Male,Sprain/Strain,Hand,18.0,NO,,13/5/2019
Right Hand Finger Crush,System,ElJem,MR,A2-Injury with lost time,I - 4008 - assembly,Normal operation,Other,,10.2 - Work organization,YES,YES,DRX,Male,Crush/Bruise,Hand,7.0,NO,,21/1/2019
Lower Back Pain,System,ElJem,IR,A2-Injury with lost time,I - 4023 - foldback,Normal operation,Other,,10.2 - Work organization,YES,YES,DRX,Male,Sprain/Strain,Body,15.0,NO,,29/1/2019
Right Hand Injury,System,ElJem,WC,A2-Injury with lost time,,Normal operation,Tools / Utilities,,10.2 - Work organization,YES,YES,DRX,Female,Sprain/Strain,Hand,12.0,YES,,7/3/2019
Lower Back Pain,System,ElJem,Nacherbeit,A2-Injury with lost time,I - 4023 - foldback,Normal operation,Other,,10.2 - Work organization,YES,YES,DRX,Female,Other,Body,4.0,YES,,5/7/2019
Neck Pain,System,ElJem,Logistics,A2-Injury with lost time,I - 4023 - foldback,Normal operation,Other,,10.2 - Work organization,YES,NO,DRX,Male,Other,Body,5.0,YES,,5/7/2019
Finger Injury,Electric,Siliana,Maintenance,A2-Injury with lost time,I - 1001 - blow_molding,Normal operation,Metal Working Machine,No involved machine,10.2 - Work organization,NO,YES,DRX,Male,Laceration,Hand,7.0,YES,,27/9/2019
Finger Injury,Electric,Siliana,Maintenance,A2-Injury with lost time,I - 1001 - blow_molding,Normal operation,Metal Working Machine,No involved machine,10.2 - Work organization,NO,YES,DRX,Male,Laceration,Hand,5.0,NO,,9/12/2019
Hand Injury from Loss of Balance,Electric,Siliana,FBB,A2-Injury with lost time,I - 1001 - blow_molding,Normal operation,Other,No involved machine,10.2 - Work organization,NO,YES,DRX,Male,Laceration,Hand,10.0,NO,,10/3/2019
Right Toe Injury,Electric,Siliana,FBB,A2-Injury with lost time,I - 1001 - blow_molding,Normal operation,Other,No involved machine,10.2 - Work organization,NO,YES,DRX,Male,Laceration,Foot,35.0,NO,,10/7/2019
Leg Injury,Electric,Siliana,Logistics,A2-Injury with lost time,I - 1001 - blow_molding,Normal operation,Other,No involved machine,10.2 - Work organization,NO,YES,DRX,Female,Laceration,Foot,10.0,NO,,14/10/2019
Right Hand Injury,Electric,Siliana,KS,A2-Injury with lost time,I - 1001 - blow_molding,Normal operation,Packaging Machine,No involved machine,10.2 - Work organization,NO,YES,DRX,Male,Laceration,Hand,15.0,NO,,29/10/2019
Finger Injury,Electric,Siliana,Maintenance,A2-Injury with lost time,I - 1001 - blow_molding,Normal operation,Other,No involved machine,10.2 - Work organization,NO,YES,DRX,Male,Laceration,Hand,15.0,NO,,28/10/2019
Right Toe Injury,Electric,Siliana,FBB,A2-Injury with lost time,I - 1001 - blow_molding,Normal operation,Other,No involved machine,10.2 - Work organization,NO,YES,DRX,Male,Laceration,Foot,15.0,NO,,10/4/2019
Right Hand Injury,Electric,SousseMETS,VK,A2-Injury with lost time,I - 7011 - cleaning,Normal operation,Other,,10.2 - Work organization,NO,YES,DRX,Female,Abrasion,Hand,15.0,NO,,26/3/2019
Hand Injury,System,SousseMETS,BX8,A2-Injury with lost time,I - 7011 - cleaning,Normal operation,Other,,10.2 - Work organization,NO,NO,DRX,Female,Fracture,Hand,1.0,NO,,26/11/2019
Left Foot Sprain,System,ElJem,,A2-Injury with lost time,E - 7001 walking time_/_assembly line,Normal operation,Other,,10.4 - Work environment,YES,NO,DRX,Female,Sprain/Strain,Foot,15.0,NO,,7/8/2019
Left Hand Injury,System,ElJem,Administration,A2-Injury with lost time,I - 4008 - assembly,Normal operation,Other,,10.4 - Work environment,NO,NO,DRX,Female,Other,Hand,10.0,NO,,20/8/2019
Left Leg Injury,Electric,Siliana,MR,A2-Injury with lost time,Other,Normal operation,Other,no machine,10.4 - Work environment,NO,YES,DRX,Female,Sprain/Strain,Foot,3.0,NO,,22/5/2019
Leg Injury,Electric,Siliana,Logistics,A2-Injury with lost time,Other,Normal operation,Other,no machine,10.4 - Work environment,NO,NO,DRX,Female,Sprain/Strain,Foot,2.0,NO,,22/5/2019
Foot Wound,Electric,SousseMETS,Zeta,A2-Injury with lost time,,Normal operation,Other,,10.4 - Work environment,NO,YES,DRX,Female,Cut,Foot,20.0,NO,,4/5/2019
Neck Burn,Electric,SousseMETS,SI,A2-Injury with lost time,I - 1021 - injection_compression_molding,Normal operation,Other,,3.3 - Skin contact with hazardous surfaces,NO,YES,DRX,Male,Burn/Scald,Body,20.0,NO,,26/4/2019
Staple Injury,Interior,SousseUATS,,A2-Injury with lost time,I - 4022 - staple,Normal operation,Tools / Utilities,Staple gun,4.1 - Infections,NO,NO,DRX,Male,Stab injury,Hand,6.0,YES,,29/4/2019
Deep Laceration,System,ElJem,Assembly,A2-Injury with lost time,I - 3013 - cutting - manual,Malfunction,Machine Tool,,"5.1 - Combustible solids, liquids, gasElectric",YES,YES,DRX,Male,Cut,Hand,21.0,NO,,2/4/2019
Left Hand Contusion,System,ElJem,Production,A2-Injury with lost time,I - 4008 - assembly,Normal operation,Other,,8.4 - Inadequate Electriccape routElectric,NO,YES,DRX,Female,Crush/Bruise,Hand,10.0,NO,,16/1/2019
Eye Injury,System,ElJem,MM,A2-Injury with lost time,I - 4008 - assembly,Normal operation,Other,,8.4 - Inadequate Electriccape routElectric,YES,YES,DRX,Female,Other,Eye,13.0,YES,,25/2/2019
Right Hand Fracture,System,SousseMETS,Maintenance,A2-Injury with lost time,,Normal operation,Other,,8.4 - Inadequate Electriccape routElectric,NO,NO,DRX,Male,Fracture,Hand,30.0,NO,,20/9/2019
Right Hand Injury,System,ElJem,MR,A2-Injury with lost time,I - 4008 - assembly,Normal operation,Other,,"8.5 - Insufficient room to move at the workplace, unfavorable workplace requirements, insufficient break rooms, sanitary rooms",YES,YES,DRX,Female,Crush/Bruise,Hand,15.0,YES,,20/2/2019
Left Eye Injury,Electric,SousseMETS,BX8,A2-Injury with lost time,I - 8002 - preparation_raw_materials_/_components,Normal operation,Other,,"8.5 - Insufficient room to move at the workplace, unfavorable workplace requirements, insufficient break rooms, sanitary rooms",NO,YES,DRX,Male,Crush/Bruise,Eye,4.0,NO,,19/11/2019
Door-Related Accident,Interior,SousseUATS,Production,A2-Injury with lost time,Other,Normal operation,Other,Porte,"8.5 - Insufficient room to move at the workplace, unfavorable workplace requirements, insufficient break rooms, sanitary rooms",NO,NO,DRX,Male,Cut,Eye,8.0,NO,,13/5/2019
Trolley Overturning Accident,Interior,SousseUATS,Production,A2-Injury with lost time,I - 4022 - staple,Normal operation,Tools / Utilities,product transport trolley,"8.5 - Insufficient room to move at the workplace, unfavorable workplace requirements, insufficient break rooms, sanitary rooms",NO,NO,DRX,Male,Sprain/Strain,Arm,5.0,NO,,18/12/2019
Left Ankle Sprain,System,ElJem,IR,A2-Injury with lost time,I - 4008 - assembly,Normal operation,Other,,"9.1 - Lifting, holding, carrying or pulling, pushing",YES,YES,DRX,Female,Sprain/Strain,Hand,15.0,YES,,28/2/2019
Lower Back Pain,System,ElJem,Logistics,A2-Injury with lost time,I - 7009 - commInteriorsioning,Normal operation,Other,,"9.1 - Lifting, holding, carrying or pulling, pushing",YES,YES,DRX,Male,Other,Body,7.0,YES,,19/9/2019
Neck Pain with Shoulder Stiffness,System,ElJem,Logistics,A2-Injury with lost time,I - 7009 - commInteriorsioning,Normal operation,Other,,"9.1 - Lifting, holding, carrying or pulling, pushing",YES,YES,DRX,Male,Other,Body,19.0,YES,,15/11/2019
Lower Back Pain,System,ElJem,IR,A2-Injury with lost time,I - 4008 - assembly,Normal operation,Other,,"9.1 - Lifting, holding, carrying or pulling, pushing",YES,YES,DRX,Female,Other,Body,15.0,YES,,13/11/2019
Lower Back Pain,System,ElJem,Logistics,A2-Injury with lost time,E - 8001 commInteriorsioning,Normal operation,Other,,"9.1 - Lifting, holding, carrying or pulling, pushing",YES,YES,DRX,Male,Other,Body,21.0,YES,,12/12/2019
Lower Back Pain,System,ElJem,MR,A2-Injury with lost time,I - 4008 - assembly,Normal operation,Other,,"9.1 - Lifting, holding, carrying or pulling, pushing",YES,YES,DRX,Male,Other,Body,16.0,YES,,18/12/2019
Right Hand Finger Injury,System,ElJem,MR,A2-Injury with lost time,I - 4008 - assembly,Normal operation,Other,,"9.1 - Lifting, holding, carrying or pulling, pushing",YES,YES,DRX,Female,Sprain/Strain,Hand,15.0,YES,,28/2/2019
Right Hand Injury,System,ElJem,IR,A2-Injury with lost time,I - 4008 - assembly,Normal operation,Other,,"9.1 - Lifting, holding, carrying or pulling, pushing",YES,YES,DRX,Male,Crush/Bruise,Hand,12.0,YES,,22/5/2019
Right Eye Injury,Electric,Siliana,MR,A2-Injury with lost time,,Normal operation,Machine Tool,no machine,"9.1 - Lifting, holding, carrying or pulling, pushing",YES,YES,DRX,Female,Other,Eye,10.0,YES,,23/8/2019
Eye Injury,Electric,Siliana,IR,A2-Injury with lost time,Other,Normal operation,Other,no machine,"9.1 - Lifting, holding, carrying or pulling, pushing",NO,YES,DRX,Female,Other,Leg,2.0,NO,,18/4/2019
Left Eye Injury,Electric,Siliana,ZSB,A2-Injury with lost time,Other,Normal operation,Other,,"9.1 - Lifting, holding, carrying or pulling, pushing",NO,YES,DRX,Female,Other,Eye,4.0,NO,,30/4/2019
Eye Injury,Electric,Siliana,ZSB,A2-Injury with lost time,Other,Normal operation,Other,no machine,"9.1 - Lifting, holding, carrying or pulling, pushing",NO,YES,DRX,Female,Other,Hand,7.0,NO,,22/2/2019
Eye Injury,Electric,Siliana,SI,A2-Injury with lost time,Other,Normal operation,Other,no machine,"9.1 - Lifting, holding, carrying or pulling, pushing",NO,YES,DRX,Male,Other,Body,3.0,NO,,26/2/2019
Eye Injury,Electric,Siliana,Production,A2-Injury with lost time,Other,Normal operation,Other,no machine,"9.1 - Lifting, holding, carrying or pulling, pushing",NO,YES,DRX,Male,Other,Leg,7.0,NO,,20/2/2019
Eye Injury,Electric,Siliana,MM,A2-Injury with lost time,Other,Normal operation,Other,no machine,"9.1 - Lifting, holding, carrying or pulling, pushing",NO,YES,DRX,Female,Other,Head,5.0,NO,,20/2/2019
Eye Injury,Electric,Siliana,Logistics,A2-Injury with lost time,Other,Normal operation,Other,no machine,"9.1 - Lifting, holding, carrying or pulling, pushing",NO,YES,DRX,Male,Other,Leg,3.0,YES,,30/1/2019
Eye Injury,Electric,Siliana,Logistics,A2-Injury with lost time,Other,Normal operation,Other,no machine,"9.1 - Lifting, holding, carrying or pulling, pushing",NO,YES,DRX,Female,Other,Hand,3.0,NO,,30/1/2019
Eye Injury,Electric,Siliana,Logistics,A2-Injury with lost time,Other,Normal operation,Other,no machine,"9.1 - Lifting, holding, carrying or pulling, pushing",NO,YES,DRX,Male,Other,Hand,3.0,NO,,16/1/2019
Eye Injury,Electric,Siliana,ZSB,A2-Injury with lost time,Other,Normal operation,Other,no machine,"9.1 - Lifting, holding, carrying or pulling, pushing",NO,YES,DRX,Male,Other,Leg,4.0,NO,,29/1/2019
Eye Injury,Electric,Siliana,Production,A2-Injury with lost time,Other,Normal operation,Other,no machine,"9.1 - Lifting, holding, carrying or pulling, pushing",NO,YES,DRX,Male,Other,Body,6.0,NO,,18/1/2019
Lumbago Pain,Electric,Siliana,Logistics,A2-Injury with lost time,Other,Normal operation,Other,no machine,"9.1 - Lifting, holding, carrying or pulling, pushing",NO,NO,DRX,Male,Other,Body,7.0,YES,,3/5/2019
Eye Injury,Electric,Siliana,IR,A2-Injury with lost time,Other,Normal operation,Other,no machine,"9.1 - Lifting, holding, carrying or pulling, pushing",NO,YES,DRX,Female,Other,Foot,2.0,NO,,7/3/2019
Eye Injury,Electric,Siliana,IR,A2-Injury with lost time,Other,Normal operation,Other,no machine,"9.1 - Lifting, holding, carrying or pulling, pushing",NO,YES,DRX,Female,Other,Body,3.0,NO,,14/3/2019
Eye Injury,Electric,Siliana,ZSB,A2-Injury with lost time,Other,Normal operation,Other,no machine,"9.1 - Lifting, holding, carrying or pulling, pushing",NO,YES,DRX,Female,Other,Foot,4.0,NO,,7/3/2019
Eye Injury,Electric,Siliana,MR,A2-Injury with lost time,Other,Normal operation,Other,no machine,"9.1 - Lifting, holding, carrying or pulling, pushing",NO,YES,DRX,Female,Other,Hand,12.0,NO,,7/3/2019
Eye Injury,Electric,Siliana,ZSB,A2-Injury with lost time,Other,Normal operation,Other,no machine,"9.1 - Lifting, holding, carrying or pulling, pushing",NO,YES,DRX,Female,Other,Eye,7.0,NO,,7/3/2019
Eye Injury,Electric,Siliana,ZSB,A2-Injury with lost time,Other,Normal operation,Other,no machine,"9.1 - Lifting, holding, carrying or pulling, pushing",NO,YES,DRX,Male,Other,Body,5.0,NO,,7/3/2019
Eye Injury,Electric,Siliana,ZSB,A2-Injury with lost time,Other,Normal operation,Other,no machine,"9.1 - Lifting, holding, carrying or pulling, pushing",NO,YES,DRX,Female,Other,Body,7.0,NO,,7/3/2019
Hand Injury from Fall,Electric,Siliana,SI,A2-Injury with lost time,,Normal operation,Other,No involved machine,"9.1 - Lifting, holding, carrying or pulling, pushing",NO,YES,DRX,Male,Laceration,Hand,47.0,NO,,4/9/2019
Finger Injury,Electric,Siliana,ZSB,A2-Injury with lost time,,Normal operation,Other,No involved machine,"9.1 - Lifting, holding, carrying or pulling, pushing",YES,YES,DRX,Female,Laceration,Hand,23.0,YES,,9/12/2019
Right Eyebrow Injury,Electric,Siliana,ZSB,A2-Injury with lost time,,Normal operation,Other,No involved machine,"9.1 - Lifting, holding, carrying or pulling, pushing",NO,YES,DRX,Female,Abrasion,Eye,14.0,YES,,23/9/2019
Right Eye Injury,Electric,Siliana,ZSB,A2-Injury with lost time,,Normal operation,Other,no machine,"9.1 - Lifting, holding, carrying or pulling, pushing",YES,YES,DRX,Female,Other,Eye,5.0,YES,,27/9/2019
Hand Pain,Electric,Siliana,ZSB,A2-Injury with lost time,,Normal operation,Other,no machine,"9.1 - Lifting, holding, carrying or pulling, pushing",YES,YES,DRX,Female,Fracture,Hand,23.0,YES,,10/1/2019
Hand Pain,Electric,Siliana,ZSB,A2-Injury with lost time,,Normal operation,Other,no machine,"9.1 - Lifting, holding, carrying or pulling, pushing",YES,YES,DRX,Female,Fracture,Foot,7.0,YES,,10/7/2019
Laceration,Electric,Siliana,Logistics,A2-Injury with lost time,E - 2001 welding - ultrasonic - wire-cord,Normal operation,Other,No involved machine,"9.1 - Lifting, holding, carrying or pulling, pushing",NO,YES,DRX,Male,Laceration,Hand,7.0,NO,,26/11/2019
Back Injury,Electric,Siliana,Logistics,A2-Injury with lost time,I - 1001 - blow_molding,Normal operation,Other,no machine,"9.1 - Lifting, holding, carrying or pulling, pushing",NO,YES,DRX,Male,Other,Body,7.0,YES,,12/10/2019
Right Eyebrow Injury,Electric,Siliana,KS,A2-Injury with lost time,I - 1001 - blow_molding,Normal operation,Other,no machine,"9.1 - Lifting, holding, carrying or pulling, pushing",NO,NO,DRX,Male,Other,Eye,5.0,YES,,12/6/2019
Left Eye Injury,Electric,Siliana,ZSB,A2-Injury with lost time,I - 1001 - blow_molding,Normal operation,Machine Tool,no machine,"9.1 - Lifting, holding, carrying or pulling, pushing",YES,YES,DRX,Female,Other,Eye,7.0,YES,,12/5/2019
Left Eye Injury,Electric,Siliana,ZSB,A2-Injury with lost time,I - 1001 - blow_molding,Normal operation,Machine Tool,no machine,"9.1 - Lifting, holding, carrying or pulling, pushing",YES,NO,DRX,Female,Other,Eye,5.0,YES,,16/12/2019
Right Eye Injury,Electric,Siliana,ZSB,A2-Injury with lost time,,Normal operation,Machine Tool,no machine,"9.1 - Lifting, holding, carrying or pulling, pushing",YES,YES,DRX,Female,Other,Eye,7.0,YES,,12/11/2019
Left Thigh and Foot Injury,Electric,SousseMETS,Logistics,A2-Injury with lost time,I - 8001 - supply_for_transport_to_next_plant,Normal operation,Other,,"9.1 - Lifting, holding, carrying or pulling, pushing",NO,YES,DRX,Male,Crush/Bruise,Foot,10.0,NO,,10/7/2019
Back Injury,System,SousseMETS,Logistics,A2-Injury with lost time,I - 8002 - preparation_raw_materials_/_components,Normal operation,Other,,"9.1 - Lifting, holding, carrying or pulling, pushing",YES,NO,DRX,Male,Abrasion,Body,6.0,NO,,21/10/2019
Body Injury,Electric,SousseMETS,Logistics,A2-Injury with lost time,I - 8002 - preparation_raw_materials_/_components,Normal operation,Other,,"9.1 - Lifting, holding, carrying or pulling, pushing",NO,YES,DRX,Male,Sprain/Strain,Body,7.0,NO,,2/8/2019
Back Pain,Electric,SousseMETS,KS,A2-Injury with lost time,I - 8002 - preparation_raw_materials_/_components,Normal operation,Other,,"9.1 - Lifting, holding, carrying or pulling, pushing",NO,YES,DRX,Male,Sprain/Strain,Arm,4.0,NO,,17/10/2019
Back Pain,Electric,SousseMETS,KS,A2-Injury with lost time,I - 8002 - preparation_raw_materials_/_components,Normal operation,Other,,"9.1 - Lifting, holding, carrying or pulling, pushing",NO,YES,DRX,Male,Sprain/Strain,Body,3.0,NO,,17/10/2019
Back Pain,Electric,SousseMETS,Logistics,A2-Injury with lost time,I - 8002 - preparation_raw_materials_/_components,Normal operation,Other,,"9.1 - Lifting, holding, carrying or pulling, pushing",NO,YES,DRX,Male,Sprain/Strain,Body,15.0,NO,,17/10/2019
Back Injury,System,SousseMETS,KS,A2-Injury with lost time,I - 8002 - preparation_raw_materials_/_components,Normal operation,Other,,"9.1 - Lifting, holding, carrying or pulling, pushing",YES,NO,DRX,Male,Abrasion,Body,5.0,NO,,27/9/2019
Back Pain,Electric,SousseMETS,Logistics,A2-Injury with lost time,I - 8002 - preparation_raw_materials_/_components,Normal operation,Other,,"9.1 - Lifting, holding, carrying or pulling, pushing",NO,YES,DRX,Male,Sprain/Strain,Body,8.0,NO,,31/7/2019
Back Pain,Electric,SousseMETS,KS,A2-Injury with lost time,I - 8002 - preparation_raw_materials_/_components,Normal operation,Other,,"9.1 - Lifting, holding, carrying or pulling, pushing",NO,YES,DRX,Male,Sprain/Strain,Body,10.0,NO,,21/8/2019
Back Pain,Electric,SousseMETS,Logistics,A2-Injury with lost time,I - 8002 - preparation_raw_materials_/_components,Normal operation,Other,,"9.1 - Lifting, holding, carrying or pulling, pushing",NO,YES,DRX,Female,Sprain/Strain,Body,3.0,NO,,15/10/2019
Left Foot Injury,Electric,SousseMETS,Logistics,A2-Injury with lost time,I - 8002 - preparation_raw_materials_/_components,Normal operation,Other,,"9.1 - Lifting, holding, carrying or pulling, pushing",NO,YES,DRX,Male,Crush/Bruise,Leg,18.0,NO,,11/11/2019
Wrong Movement Injury,Interior,SousseUATS,Production,A2-Injury with lost time,I - 1021 - injection_compression_molding,Normal operation,Conveyor System / Robot,Mold of foam injection,"9.1 - Lifting, holding, carrying or pulling, pushing",NO,NO,DRX,Female,Sprain/Strain,Hand,4.0,NO,,21/10/2019
Left Hand Finger Injury,System,ElJem,IR,A2-Injury with lost time,I - 4008 - assembly,Normal operation,Other,,9.2 - Manual work requiring a low level of physical strength,NO,YES,DRX,Male,Stab injury,Hand,5.0,YES,,19/3/2019
Lower Back Pain,System,ElJem,MM,A2-Injury with lost time,I - 3001 - drilling - vacuum_hole,Normal operation,Other,,9.2 - Manual work requiring a low level of physical strength,NO,YES,DRX,Male,Sprain/Strain,Body,5.0,NO,,1/4/2019
Neck Injury,System,SousseMETS,VK,A2-Injury with lost time,I - 7009 - commInteriorsioning,Normal operation,Other,,9.2 - Manual work requiring a low level of physical strength,NO,NO,DRX,Female,Abrasion,Other,15.0,NO,,21/10/2019
Neck Injury,Electric,SousseMETS,BX8,A2-Injury with lost time,I - 7004 - reworking,Normal operation,Other,,9.2 - Manual work requiring a low level of physical strength,NO,YES,DRX,Female,Crush/Bruise,Arm,12.0,NO,,12/3/2019
Neck Injury,Electric,SousseMETS,BX8,A2-Injury with lost time,I - 7004 - reworking,Normal operation,Other,,9.2 - Manual work requiring a low level of physical strength,NO,YES,DRX,Female,Crush/Bruise,Arm,12.0,NO,,12/3/2019
Hand Injury,System,SousseMETS,Production,A2-Injury with lost time,I - 7009 - commInteriorsioning,Normal operation,Other,,9.2 - Manual work requiring a low level of physical strength,NO,NO,DRX,Male,Abrasion,Hand,8.0,NO,,25/10/2019
Abdominal Injury,System,SousseMETS,BX8,A2-Injury with lost time,I - 7009 - commInteriorsioning,Normal operation,Other,Plan de travail,9.2 - Manual work requiring a low level of physical strength,NO,NO,DRX,Male,Abrasion,Hand,3.0,NO,,25/10/2019
Left Eye Injury,Electric,SousseMETS,KS,A2-Injury with lost time,E - 3002 cutting - wire,Normal operation,Other,,9.2 - Manual work requiring a low level of physical strength,NO,YES,DRX,Female,Crush/Bruise,Eye,7.0,NO,,25/11/2019
Left Hand Injury,Electric,SousseMETS,BX8,A2-Injury with lost time,I - 4008 - assembly,Normal operation,Other,,9.2 - Manual work requiring a low level of physical strength,NO,YES,DRX,Female,Crush/Bruise,Hand,26.0,NO,,11/6/2019
Lower Back Pain,System,ElJem,Logistics,A2-Injury with lost time,I - 7009 - commInteriorsioning,Normal operation,Other,,9.3 - Forced posture,YES,YES,DRX,Male,Other,Body,15.0,NO,,3/4/2019
Body Injury from Collision,Electric,Siliana,ZSB,A2-Injury with lost time,I - 1001 - blow_molding,Normal operation,Other,no machine,9.3 - Forced posture,NO,YES,DRX,Female,Other,Body,7.0,YES,,13/12/2019
Lumbago Pain,System,ElJem,Logistics,A2-Injury with lost time,I - 4008 - assembly,Normal operation,Other,,9.5 - Working with increased exertion and/or applied strength,YES,YES,DRX,Male,Other,Body,10.0,YES,,15/3/2019
Hamstring Injury,Electric,Siliana,KS,A2-Injury with lost time,Other,Normal operation,Other,no machine,9.5 - Working with increased exertion and/or applied strength,NO,NO,DRX,Male,Fracture,Foot,5.0,NO,,21/5/2019
Right Thumb Injury,System,SousseMETS,BX8,A2-Injury with lost time,E - 4016 assembly - corrugated_pipe_/_sleeving,Normal operation,Other,,9.5 - Working with increased exertion and/or applied strength,NO,YES,DRX,Female,Fracture,Hand,25.0,NO,,11/6/2019
Lower Back Pain,System,ElJem,,A2-Injury with lost time,Other,Maintenance,Other,,,YES,YES,DRX,Male,Sprain/Strain,Body,7.0,YES,,6/7/2019
Right Hand Injury,Electric,Siliana,MR,A2-Injury with lost time,Other,Maintenance,Machine Tool,no machine,,NO,YES,DRX,Female,Fracture,Arm,3.0,NO,,19/4/2019
Hand Injury,Electric,Siliana,Production,A2-Injury with lost time,,Normal operation,Other,No involved machine,,NO,YES,DRX,Male,Other,Hand,5.0,NO,,11/9/2019
Right Hand Injury,Interior,SousseMETS,KS,A2-Injury with lost time,,Normal operation,Other,,,YES,NO,DRX,Male,Fracture,Hand,8.0,NO,,8/1/2019
Lower Back Pain,System,SousseMETS,Logistics,A2-Injury with lost time,,Normal operation,Other,,,YES,NO,DRX,Male,Abrasion,Other,5.0,NO,,30/9/2019
Right Elbow Injury,Electric,SousseMETS,WC,A2-Injury with lost time,,Normal operation,Other,,,NO,YES,DRX,Female,Crush/Bruise,Hand,10.0,NO,,6/3/2019
Right Hand Injury,Electric,SousseMETS,KS,A2-Injury with lost time,,Normal operation,Other,,,NO,YES,DRX,Male,Crush/Bruise,Hand,15.0,NO,,29/6/2019
Left Hand Injury,System,SousseMETS,KS,A2-Injury with lost time,,Normal operation,Other,,,NO,YES,DRX,Male,Crush/Bruise,Hand,15.0,NO,,19/6/2019
Right Foot Injury,System,SousseMETS,Quality,A2-Injury with lost time,,Normal operation,Other,,,NO,YES,DRX,Male,Fracture,Foot,21.0,NO,,10/6/2019
Eye Injury,Electric,SousseMETS,Zeta,A2-Injury with lost time,,Normal operation,Other,,,NO,YES,DRX,Female,Crush/Bruise,Eye,6.0,NO,,20/9/2019
Left Foot Injury,Electric,SousseMETS,Administration,A2-Injury with lost time,,Normal operation,Other,,,NO,YES,DRX,Female,Crush/Bruise,Foot,15.0,NO,,12/3/2019
Left Foot Injury,Interior,SousseMETS,BX8,A2-Injury with lost time,Other,Normal operation,Other,,,NO,YES,DRX,Female,Crush/Bruise,Foot,21.0,NO,,4/2/2019
Right Foot Injury,Electric,SousseMETS,Administration,A2-Injury with lost time,,Normal operation,Other,,,NO,YES,DRX,Female,Crush/Bruise,Foot,10.0,NO,,11/4/2019
Finger Wound,Electric,SousseMETS,KS,A2-Injury with lost time,E - 4001 crimping - contact_part,Normal operation,Metal Working Machine,schaeffer,,YES,NO,DRX,Male,Laceration,Hand,12.0,YES,,3/8/2019
Left Foot Injury,Electric,SousseMETS,BX8,A2-Injury with lost time,Other,Normal operation,Other,,,NO,YES,DRX,Female,Crush/Bruise,Foot,4.0,NO,,21/11/2019
Foot Injury,Electric,SousseMETS,MM,A2-Injury with lost time,,Normal operation,Other,,,NO,YES,DRX,Female,Abrasion,Foot,10.0,NO,,17/9/2019
Index Finger Injury,System,SousseMETS,MM,A2-Injury with lost time,,Normal operation,Other,,,NO,NO,DRX,Male,Abrasion,Foot,8.0,NO,,13/9/2019
Thigh Injury,System,SousseMETS,KS,A2-Injury with lost time,"E - 7015 extracting,_laying-up_and_handle - wire_/_module_/wire_harnElectrics",Maintenance,ProcElectrics Machine,Komax alpha 355,,NO,NO,DRX,Male,Sprain/Strain,Leg,12.0,NO,,10/9/2019
Right Foot Wound,System,SousseMETS,BX8,A2-Injury with lost time,,Normal operation,Other,,,YES,NO,DRX,Female,Stab injury,Foot,11.0,NO,,11/10/2019
Head Injury,Electric,Siliana,SI,A2-Injury with lost time,Other,Normal operation,,,,YES,NO,DRX,Female,Other,Head,1.0,NO,Non-work related accident,26/3/2020
Eye Injury from Tool Strike,Electric,Siliana,VK,A2-Injury with lost time,E-Cable Cutting - cable or cable-set,Normal operation,,,,NO,YES,DRX,Male,Sprain/Strain,Eye,10.0,NO,Work related accident,22/7/2020
Right Wrist Wound,Electric,SousseMETS,BX8,A2-Injury with lost time,I-Production step 4 - bulk assembly - production island,Normal operation,,,,NO,,DRX,Female,Stab injury,Hand,10.0,YES,Work related accident,13/5/2020
Foot Injury,Electric,SousseMETS,BX8,A2-Injury with lost time,Other,Normal operation,,,,NO,,DRX,Female,Sprain/Strain,Foot,10.0,YES,Non-work related accident,12/8/2020
Right Hand Injury,Electric,SousseMETS,Production,A2-Injury with lost time,I-Production step 1 -  carrier + pattern Production - technology shop,Normal operation,,,,NO,NO,DRX,Male,Abrasion,Hand,8.0,YES,Work related accident,11/3/2020
Hand Injury,Electric,SousseMETS,BX8,A2-Injury with lost time,E-Final Assembly - Customer order,Normal operation,,,,NO,,DRX,Male,Fracture,Hand,30.0,YES,Work related accident,2/6/2020
Left Hand Finger Injury,Electric,SousseMETS,VK,A2-Injury with lost time,I-Production step 1 -  carrier + pattern Production - technology shop,Normal operation,Other,machine coupe schlauch N10741/002,1.1 - Unprotected parts with controlled movements,NO,NO,DRX,Female,Cut,Hand,30.0,NO,Work related accident,20/2/2020
Right Little Finger Injury,Electric,SousseMETS,KS,A2-Injury with lost time,E-Cable Cutting - cable or cable-set,Normal operation,Processing Machines,Schleuniger,1.1 - Unprotected parts with controlled movements,NO,,DRX,Female,Stab injury,Hand,8.0,YES,Work related accident,12/8/2020
Left Hand Finger Injury,Electric,SousseMETS,VK,A2-Injury with lost time,I-Production step 1 - carrier + pattern Production - technology shop,Normal operation,Other,machine coupe schlauch N10741/002,1.1 - Unprotected parts with controlled movements,NO,NO,DRX,Female,Cut,Hand,30.0,NO,Work related accident,20/2/2020
Right Eye Injury,Electric,ElJem,MM,A2-Injury with lost time,E-Pre Assembly - Detail Planning Group DPG,Normal operation,Other,Baubrett,1.2 - Parts with dangerous surfaces,YES,YES,DRX,Female,Crush/Bruise,Eye,5.0,YES,Work related accident,3/2/2020
Left Thumb Sprain,Electric,ElJem,IR,A2-Injury with lost time,Other,Normal operation,,,1.2 - Parts with dangerous surfaces,YES,YES,DRX,Female,Other,Hand,17.0,YES,Work related accident,16/3/2020
Frontal Injury,Electric,ElJem,IR,A2-Injury with lost time,I-Production step 3 - lamination and finishing processes - production cell,Normal operation,,,1.2 - Parts with dangerous surfaces,YES,YES,DRX,Female,Cut,Head,13.0,YES,Work related accident,18/8/2020
Knee Contusion,Electric,ElJem,IR,A2-Injury with lost time,Other,Normal operation,,,1.2 - Parts with dangerous surfaces,YES,YES,DRX,Female,Sprain/Strain,Foot,15.0,YES,Work related accident,20/11/2020
Internal Contusion of Right Wrist,Electric,ElJem,IR,A2-Injury with lost time,Other,Normal operation,,,1.2 - Parts with dangerous surfaces,YES,YES,DRX,Female,Sprain/Strain,Hand,7.0,YES,Work related accident,24/11/2020
Left Thumb Contusion,Electric,ElJem,IR,A2-Injury with lost time,Other,Normal operation,,,1.2 - Parts with dangerous surfaces,YES,YES,DRX,Female,Sprain/Strain,Hand,15.0,YES,Work related accident,26/11/2020
Hand Injury,Electric,SousseMETS,KS,A2-Injury with lost time,E-Cable Cutting - cable or cable-set,Normal operation,Other,Cutting machine,1.2 - Parts with dangerous surfaces,NO,NO,DRX,Male,Sprain/Strain,Hand,30.0,YES,Work related accident,28/1/2020
Right Middle Finger Wound,Electric,SousseMETS,FBB,A2-Injury with lost time,E-Commissioning - Customer order,Normal operation,,,1.2 - Parts with dangerous surfaces,NO,NO,DRX,Female,Laceration,Hand,4.0,YES,Non-work related accident,3/12/2020
Lower Back Pain,Electric,ElJem,Logistics,A2-Injury with lost time,Logistics,Normal operation,,,1.3 - Transport and mobile work equipment,NO,YES,DRX,Male,Other,Body,3.0,YES,Work related accident,7/12/2020
Lower Back Pain,Electric,ElJem,IR,A2-Injury with lost time,Logistics,Normal operation,,,1.3 - Transport and mobile work equipment,NO,YES,DRX,Male,Other,Body,14.0,YES,Work related accident,3/12/2020
Right Leg Injury,Electric,Siliana,Logistics,A2-Injury with lost time,Logistics,Normal operation,,,1.3 - Transport and mobile work equipment,YES,YES,DRX,Male,Laceration,Foot,1.0,NO,Work related accident,4/2/2020
Head Injury,Electric,Siliana,MM,A2-Injury with lost time,Other,Normal operation,,,1.3 - Transport and mobile work equipment,YES,YES,DRX,Female,Other,Head,3.0,NO,Work related accident,3/6/2020
Right Hand Injury,Electric,Siliana,Production,A2-Injury with lost time,Other,Normal operation,,,1.4 - Parts with uncontrolled movements,YES,NO,DRX,Male,Crush/Bruise,Hand,3.0,NO,Work related accident,5/6/2020
Left Leg Injury,Electric,Siliana,Logistics,A2-Injury with lost time,Other,Normal operation,,,1.4 - Parts with uncontrolled movements,NO,NO,DRX,Male,Crush/Bruise,Hand,3.0,NO,Work related accident,16/6/2020
Right Wrist Fracture,Electric,SousseMETS,BX8,A2-Injury with lost time,E-Cable Cutting - cable or cable-set,Normal operation,Lifting Gear / conveyors,pistolet,1.4 - Uncontrolled moving parts,NO,,DRX,Male,Fracture,Hand,15.0,YES,Work related accident,14/8/2020
Right Ankle Sprain,Electric,ElJem,Logistics,A2-Injury with lost time,Logistics,Normal operation,,,"1.5 - Falling, slipping, stumbling, tripping",YES,YES,DRX,Male,Other,Foot,21.0,YES,Work related accident,18/12/2020
Hand Injury from Fall,Electric,Siliana,IR,A2-Injury with lost time,Other,Normal operation,,,"1.5 - Falling, slipping, stumbling, tripping",NO,NO,DRX,Female,Other,Hand,1.0,NO,Non-work related accident,17/2/2020
Right Leg Injury from Loss of Balance,Electric,Siliana,Production,A2-Injury with lost time,Other,Normal operation,,,"1.5 - Falling, slipping, stumbling, tripping",NO,NO,DRX,Female,Fracture,Foot,5.0,NO,Non-work related accident,22/1/2020
Injury from Fall,Electric,Siliana,Logistics,A2-Injury with lost time,Other,Normal operation,,,"1.5 - Falling, slipping, stumbling, tripping",YES,NO,DRX,Female,Other,Leg,3.0,NO,Work related accident,26/5/2020
Right Hand Injury,Electric,Siliana,Quality,A2-Injury with lost time,Other,Normal operation,,,"1.5 - Falling, slipping, stumbling, tripping",NO,NO,DRX,Female,Fracture,Arm,30.0,NO,Non-work related accident,15/2/2020
Mouth Injury,Electric,Siliana,MR,A2-Injury with lost time,Other,Normal operation,,,"1.5 - Falling, slipping, stumbling, tripping",YES,NO,DRX,Female,Other,Internal organs,6.0,NO,Non-work related accident,9/6/2020
Injury from Loss of Balance,Electric,Siliana,Logistics,A2-Injury with lost time,Other,Normal operation,,,"1.5 - Falling, slipping, stumbling, tripping",NO,YES,DRX,Male,Abrasion,Body,5.0,NO,Work related accident,23/6/2020
Injury from Fall,Electric,Siliana,WC,A2-Injury with lost time,Other,Normal operation,,,"1.5 - Falling, slipping, stumbling, tripping",YES,NO,DRX,Female,Other,Eye,2.0,NO,Work related accident,23/6/2020
Injury from Fall,Electric,Siliana,Production,A2-Injury with lost time,Other,Normal operation,,,"1.5 - Falling, slipping, stumbling, tripping",YES,NO,DRX,Female,Other,Leg,2.0,NO,Non-work related accident,30/6/2020
Injury from Fall,Electric,Siliana,Production,A2-Injury with lost time,Other,Normal operation,,,"1.5 - Falling, slipping, stumbling, tripping",YES,NO,DRX,Female,Other,Leg,3.0,NO,Work related accident,16/6/2020
Left Leg Injury from Slipping,Electric,Siliana,IR,A2-Injury with lost time,Other,Normal operation,,,"1.5 - Falling, slipping, stumbling, tripping",NO,NO,DRX,Female,Burn/Scald,Leg,7.0,NO,Non-work related accident,5/8/2020
Commuting Accident,Interior,SousseUATS,Outside building,A2-Injury with lost time,,,,,"1.5 - Falling, slipping, stumbling, tripping",NO,,DRX,Male,Sprain/Strain,Leg,8.0,YES,Non-work related accident,14/9/2020
Left Ankle Injury,Electric,SousseMETS,Logistics,A2-Injury with lost time,E-order picking - Customer order,Normal operation,,,"1.5 - Falling, slipping, stumbling, tripping",NO,,DRX,Male,Sprain/Strain,Foot,1.0,YES,Work related accident,9/1/2020
Back and Neck Injury,Electric,SousseMETS,Production,A2-Injury with lost time,I-Production step 4 - bulk assembly - production island,Normal operation,,,"1.5 - Falling, slipping, stumbling, tripping",NO,,DRX,Female,Crush/Bruise,Body,3.0,NO,Work related accident,28/1/2020
Right Foot Injury,Electric,SousseMETS,Outside building,A2-Injury with lost time,Other,Normal operation,,,"1.5 - Falling, slipping, stumbling, tripping",NO,,DRX,Male,Sprain/Strain,Foot,15.0,YES,Non-work related accident,4/5/2020
Right Foot Injury,Electric,SousseMETS,Outside building,A2-Injury with lost time,Other,Normal operation,,,"1.5 - Falling, slipping, stumbling, tripping",NO,,DRX,Male,Sprain/Strain,Foot,10.0,YES,Non-work related accident,7/5/2020
Back Injury,Electric,SousseMETS,BX8,A2-Injury with lost time,E-order picking - Customer order,Malfunction,,,"1.5 - Falling, slipping, stumbling, tripping",NO,,DRX,Female,Sprain/Strain,Body,5.0,YES,Work related accident,10/7/2020
Right Foot Injury,Electric,SousseMETS,BX8,A2-Injury with lost time,E-order picking - Customer order,Normal operation,,,"1.5 - Falling, slipping, stumbling, tripping",NO,,DRX,Female,Crush/Bruise,Foot,6.0,YES,Work related accident,9/9/2020
Right Leg Injury,Electric,SousseMETS,Logistics,A2-Injury with lost time,Logistics,Normal operation,,,"1.5 - Falling, slipping, stumbling, tripping",NO,,DRX,Female,Other,Leg,6.0,YES,Non-work related accident,28/9/2020
Back Injury,Electric,SousseMETS,Logistics,A2-Injury with lost time,E-Commissioning - Customer order,Normal operation,,,"1.5 - Falling, slipping, stumbling, tripping",NO,,DRX,Male,Crush/Bruise,Body,4.0,YES,Work related accident,24/2/2020
Right Wrist Injury,Electric,SousseMETS,Zeta,A2-Injury with lost time,,,,,"1.5 - Falling, slipping, stumbling, tripping",NO,NO,DRX,Female,Sprain/Strain,Hand,18.0,YES,Non-work related accident,27/5/2020
Lower Back Pain,Electric,SousseMETS,Zeta,A2-Injury with lost time,Other,Normal operation,,,"1.5 - Falling, slipping, stumbling, tripping",NO,,DRX,Female,Other,Body,8.0,YES,Non-work related accident,3/7/2020
Right Foot Injury,Electric,SousseMETS,BX8,A2-Injury with lost time,E-Commissioning - Customer order,Normal operation,,,"1.5 - Falling, slipping, stumbling, tripping",NO,,DRX,Female,Crush/Bruise,Foot,3.0,YES,Work related accident,17/11/2020
Left Hand Injury,Electric,SousseMETS,WC,A2-Injury with lost time,Other,Normal operation,Tools / Utilities,,"1.5 - Falling, slipping, stumbling, tripping",NO,,DRX,Male,Fracture,Hand,30.0,YES,Non-work related accident,19/6/2020
Right Ankle Sprain,Electric,ElJem,Production,A2-Injury with lost time,Other,Normal operation,,,1.6 - Falls,NO,,DRX,Female,Sprain/Strain,Foot,12.0,YES,Non-work related accident,14/8/2020
Right Foot Ankle Sprain,Electric,ElJem,Outside building,A2-Injury with lost time,Office,Normal operation,,,1.6 - Falls,YES,YES,DRX,Female,Sprain/Strain,Foot,21.0,YES,Non-work related accident,17/8/2020
Left Leg Injury,Electric,Siliana,Production,A2-Injury with lost time,I-Production step 5 - sequenced assembly - production island,Normal operation,Work place / paths,,1.6 - Falls,YES,NO,DRX,Female,Stab injury,Foot,7.0,NO,Non-work related accident,17/2/2020
Fracture from Falling Object,Interior,SousseUATS,Logistics,A2-Injury with lost time,Logistics,Normal operation,Tools / Utilities,couvercle de repark en bois,1.6 - Falls,NO,NO,DRX,Male,Fracture,Hand,48.0,YES,Work related accident,13/5/2020
Right Wrist Fracture,Electric,SousseMETS,BX8,A2-Injury with lost time,E-Cable Cutting - cable or cable-set,Normal operation,Lifting Gear / conveyors,pistolet,1.6 - Falls,NO,,DRX,Male,Fracture,Hand,15.0,YES,Work related accident,14/8/2020
Left Knee Injury,Electric,SousseMETS,Logistics,A2-Injury with lost time,Logistics,Normal operation,,,1.6 - Falls,NO,,DRX,Male,Crush/Bruise,Foot,15.0,YES,Work related accident,22/10/2020
Eye Injury,Electric,ElJem,MR,A2-Injury with lost time,E-Assembly - Item number,Normal operation,,,10.2 - Work organization,NO,YES,DRX,Female,Other,Eye,8.0,YES,Work related accident,19/2/2020
Chemical Product Projection,Interior,SousseUATS,Foaming Area,A2-Injury with lost time,Other,Maintenance,Conveyor System / Robot,Foam injection robot,3.3 - Skin contact with hazardous substances,NO,NO,DRX,Male,Chemical Burn,Eye,5.0,YES,Work related accident,28/10/2020
Deep Wound on the Forehead,Electric,ElJem,MR,A2-Injury with lost time,Other,Maintenance,Conveyor System / Robot,Baubrettbeförderer,"8.5 - Insufficient room to move at the workplace, unfavorable workplace requirements, insufficient break rooms, sanitary rooms",YES,YES,DRX,Male,Cut,Head,6.0,YES,Work related accident,4/2/2020
Right Hand Injury,Electric,ElJem,Maintenance,A2-Injury with lost time,Other,Normal operation,,,"8.5 - Insufficient room to move at the workplace, unfavorable workplace requirements, insufficient break rooms, sanitary rooms",YES,YES,DRX,Male,Fracture,Hand,9.0,YES,Work related accident,27/2/2020
Bilateral Temporal Wound with Stitches,Electric,ElJem,Logistics,A2-Injury with lost time,Logistics,Normal operation,,,"8.5 - Insufficient room to move at the workplace, unfavorable workplace requirements, insufficient break rooms, sanitary rooms",NO,,DRX,Male,Stab injury,Head,7.0,YES,Work related accident,24/7/2020
Right Hand Contusion,Electric,ElJem,Maintenance,A2-Injury with lost time,Other,Normal operation,,,"8.5 - Insufficient room to move at the workplace, unfavorable workplace requirements, insufficient break rooms, sanitary rooms",NO,YES,DRX,Male,Sprain/Strain,Hand,7.0,YES,Work related accident,20/11/2020
Head Injury,Electric,Siliana,Logistics,A2-Injury with lost time,Other,Normal operation,,,"8.5 - Insufficient room to move at the workplace, unfavorable workplace requirements, insufficient break rooms, sanitary rooms",NO,NO,DRX,Female,Fracture,Foot,10.0,NO,Non-work related accident,12/3/2020
Head and Left Hand Injury,Electric,Siliana,ZSB,A2-Injury with lost time,Other,Normal operation,,,"8.5 - Insufficient room to move at the workplace, unfavorable workplace requirements, insufficient break rooms, sanitary rooms",NO,NO,DRX,Female,Other,Head,6.0,NO,Non-work related accident,20/5/2020
Head Injury,Electric,Siliana,Production,A2-Injury with lost time,Other,Normal operation,,,"8.5 - Insufficient room to move at the workplace, unfavorable workplace requirements, insufficient break rooms, sanitary rooms",YES,NO,DRX,Female,Other,Head,3.0,NO,Work related accident,4/6/2020
Head Injury,Electric,Siliana,MR,A2-Injury with lost time,Other,Normal operation,,,"8.5 - Insufficient room to move at the workplace, unfavorable workplace requirements, insufficient break rooms, sanitary rooms",YES,NO,DRX,Female,Other,Head,3.0,NO,Work related accident,10/6/2020
Injury from Fall,Electric,Siliana,Logistics,A2-Injury with lost time,Other,Normal operation,,,"8.5 - Insufficient room to move at the workplace, unfavorable workplace requirements, insufficient break rooms, sanitary rooms",NO,YES,DRX,Male,Crush/Bruise,Leg,3.0,NO,Work related accident,29/6/2020
Injury from Loss of Balance,Electric,Siliana,Production,A2-Injury with lost time,Other,Normal operation,,,"8.5 - Insufficient room to move at the workplace, unfavorable workplace requirements, insufficient break rooms, sanitary rooms",YES,NO,DRX,Female,Other,Head,3.0,NO,Work related accident,24/6/2020
Left Back Injury,Electric,Siliana,KS,A2-Injury with lost time,,Normal operation,Work place / paths,,"8.5 - Insufficient room to move at the workplace, unfavorable workplace requirements, insufficient break rooms, sanitary rooms",NO,YES,DRX,Female,Sprain/Strain,Foot,3.0,NO,Work related accident,16/7/2020
Left Ankle Injury from Collision,Electric,Siliana,Production,A2-Injury with lost time,I-Production step 1 -  carrier + pattern Production - technology shop,Normal operation,,,"8.5 - Insufficient room to move at the workplace, unfavorable workplace requirements, insufficient break rooms, sanitary rooms",NO,YES,DRX,Female,Sprain/Strain,Foot,3.0,NO,Work related accident,16/7/2020
Acute Back Pain,Electric,ElJem,Methall,A2-Injury with lost time,Other,Normal operation,,,"9.1 - Lifting, holding, carrying or pulling, pushing",YES,YES,DRX,Male,Other,,2.0,YES,Work related accident,7/2/2020
Severe Pain in the Left Shoulder,Electric,ElJem,Logistics,A2-Injury with lost time,Logistics,Normal operation,,,"9.1 - Lifting, holding, carrying or pulling, pushing",YES,YES,DRX,Male,Other,Body,24.0,YES,Work related accident,21/12/2020
Right Eye Pain,Electric,Siliana,ZSB,A2-Injury with lost time,E-Cable Cutting - cable or cable-set,Normal operation,,,"9.1 - Lifting, holding, carrying or pulling, pushing",YES,NO,DRX,Female,Other,Eye,10.0,NO,Non-work related accident,18/2/2020
Loss of Balance and Injury,Electric,Siliana,Production,A2-Injury with lost time,Logistics,Normal operation,,,"9.1 - Lifting, holding, carrying or pulling, pushing",YES,NO,DRX,Male,Other,Body,5.0,NO,Work related accident,28/2/2020
Left Leg Injury,Electric,Siliana,IR,A2-Injury with lost time,Other,Normal operation,,,"9.1 - Lifting, holding, carrying or pulling, pushing",YES,NO,DRX,Female,Fracture,Foot,10.0,NO,Non-work related accident,5/3/2020
Back Injury,Electric,Siliana,KS,A2-Injury with lost time,Other,Normal operation,,,"9.1 - Lifting, holding, carrying or pulling, pushing",YES,NO,DRX,Male,Other,Body,7.0,NO,Non-work related accident,18/5/2020
Right Shoulder Injury from Loss of Balance,Electric,Siliana,Production,A2-Injury with lost time,I-Production step 5 - sequenced assembly - production island,Normal operation,,,"9.1 - Lifting, holding, carrying or pulling, pushing",YES,NO,DRX,Female,Sprain/Strain,Body,8.0,NO,Work related accident,19/6/2020
Hand Pain,Electric,Siliana,KS,A2-Injury with lost time,E-Cable Cutting - cable or cable-set,Normal operation,Tools / Utilities,KOMAX,"9.1 - Lifting, holding, carrying or pulling, pushing",NO,NO,DRX,Female,Abrasion,Hand,10.0,NO,Work related accident,7/7/2020
Lower Back Injury,Electric,Siliana,KS,A2-Injury with lost time,Logistics,Normal operation,,,"9.1 - Lifting, holding, carrying or pulling, pushing",NO,YES,DRX,Male,Sprain/Strain,Body,7.0,NO,Work related accident,22/7/2020
Lower Back Pain,Electric,SousseMETS,Logistics,A2-Injury with lost time,E-order picking - Customer order,Normal operation,,,"9.1 - Lifting, holding, carrying or pulling, pushing",NO,,DRX,Male,Other,Body,6.0,YES,Work related accident,28/2/2020
Right Eye Injury,Electric,SousseMETS,BX8,A2-Injury with lost time,E-Staging Assembly - Item number,Normal operation,,,"9.1 - Lifting, holding, carrying or pulling, pushing",NO,,DRX,Female,Other,Eye,6.0,YES,Work related accident,30/9/2020
Left Foot Injury,Electric,SousseMETS,Logistics,A2-Injury with lost time,Logistics,Normal operation,,,"9.1 - Lifting, holding, carrying or pulling, pushing",NO,,DRX,Male,Other,Body,6.0,YES,Work related accident,10/5/2020
Right Shoulder Injury,Electric,SousseMETS,BX8,A2-Injury with lost time,E-Staging Assembly - FP-Number,Normal operation,,,"9.1 - Lifting, holding, carrying or pulling, pushing",NO,,DRX,Female,Other,Body,8.0,YES,Work related accident,29/6/2020
Hand Burn Injury,Electric,Siliana,ZSB,A2-Injury with lost time,I-Production step 2 - Preparation processes - technologie shop,Normal operation,,,9.2 - Manual work requiring a low level of physical strength,NO,NO,DRX,Female,Burn/Scald,Hand,5.0,YES,Work related accident,8/5/2020
Back Injury,Electric,SousseMETS,FBB,A2-Injury with lost time,Other,Normal operation,,,9.2 - Manual work requiring a low level of physical strength,NO,,DRX,Male,Other,Body,10.0,YES,Work related accident,26/8/2020
Back Injury,Electric,SousseMETS,FBB,A2-Injury with lost time,Other,Normal operation,,,9.2 - Manual work requiring a low level of physical strength,NO,,DRX,Male,Other,Body,15.0,YES,Work related accident,22/6/2020
Fall from Ladder,Electric,SousseMETS,Zeta,A2-Injury with lost time,Other,Maintenance,Work place / paths,,9.3 - Forced posture,NO,,DRX,Male,Abrasion,Body,15.0,YES,Work related accident,28/10/2020
Acute Back Pain,Electric,ElJem,Spare parts storage,A2-Injury with lost time,E-order picking - Customer order,Normal operation,,,9.5 - Working with increased exertion and/or applied strength,NO,YES,DRX,Male,Other,Body,17.0,NO,Work related accident,24/2/2020
Back Pain,Electric,SousseMETS,BX8,A2-Injury with lost time,,Normal operation,,,,NO,,DRX,Male,Other,Body,7.0,YES,Non-work related accident,22/6/2020
Bus Door Accident,Electric,Siliana,Outside building,A2-Injury with lost time,,Normal operation,,,1.1 - Controlled moved unprotected parts,NO,,DRX,Female,Fracture,Arm,30.0,YES,Non-work related accident,11/05/2021
Right Hand Contusion,Electric,ElJem,IR,A2-Injury with lost time,E-Assembly - Item number,Normal operation,,,1.1 - Unprotected parts with controlled movements,YES,YES,DRX,Female,Sprain/Strain,Hand,11.0,YES,Work related accident,19/02/2021
Mold Fall on Left Knee,Interior,SousseUATS,Annex KSIBA,A2-Injury with lost time,Logistics,Normal operation,Power / Work Machine,,1.1 - Unprotected parts with controlled movements,NO,NO,DRX,Male,Fracture,Leg,135.0,YES,Work related accident,10/02/2021
Left Eye Contusion,Electric,ElJem,MM,A2-Injury with lost time,E-Staging Pre-assembly - Detail Planning Group DPG,Normal operation,,,1.2 - Parts with dangerous surfaces,NO,YES,DRX,Female,Other,Eye,3.0,YES,Work related accident,04/03/2021
Right Hand Injury,Electric,ElJem,IR,A2-Injury with lost time,E-Assembly - Item number,Normal operation,,,1.2 - Parts with dangerous surfaces,NO,YES,DRX,Male,Sprain/Strain,Hand,5.0,NO,Work related accident,10/03/2021
Eye Injury,Electric,ElJem,IR,A2-Injury with lost time,E-Assembly - Item number,Normal operation,,,1.2 - Parts with dangerous surfaces,YES,YES,DRX,Female,Sprain/Strain,Eye,15.0,YES,Work related accident,11/03/2021
Frontal Head Injury,Electric,ElJem,,A2-Injury with lost time,E-Assembly - Item number,Normal operation,,,1.2 - Parts with dangerous surfaces,YES,NO,DRX,Female,Cut,Head,8.0,YES,Work related accident,Invalid date: nan
Right Hand Injury,Electric,ElJem,,A2-Injury with lost time,E-Assembly - Item number,Normal operation,,,1.2 - Parts with dangerous surfaces,YES,YES,DRX,Female,Sprain/Strain,Hand,15.0,YES,Work related accident,Invalid date: nan
Right Hand Injury,Electric,ElJem,,A2-Injury with lost time,E-Assembly - Item number,Normal operation,,,1.2 - Parts with dangerous surfaces,YES,YES,DRX,Female,Sprain/Strain,Hand,21.0,YES,Work related accident,Invalid date: nan
Left Hand Injury,Electric,ElJem,IR,A2-Injury with lost time,E-Final Assembly - Customer order,Normal operation,,slippery ground,1.2 - Parts with dangerous surfaces,NO,YES,DRX,Female,Crush/Bruise,Hand,15.0,YES,Work related accident,29/03/2021
Left Hand Injury,Electric,ElJem,IR,A2-Injury with lost time,E-Final Assembly - Customer order,Normal operation,,slippery ground,1.2 - Parts with dangerous surfaces,NO,YES,DRX,Female,Crush/Bruise,Hand,22.0,YES,Work related accident,30/03/2021
Right Fifth Toe Injury,Electric,ElJem,Changing room,A2-Injury with lost time,Logistics,Normal operation,,metal support,1.2 - Parts with dangerous surfaces,NO,YES,DRX,Male,Crush/Bruise,Foot,22.0,,Non-work related accident,06/04/2021
Right Foot Injury,Electric,ElJem,Outside building,A2-Injury with lost time,E-Assembly - Item number,Normal operation,,marble,1.2 - Parts with dangerous surfaces,NO,YES,DRX,Male,Crush/Bruise,Foot,7.0,YES,Non-work related accident,22/04/2021
Nasal Bone Injury,Electric,ElJem,Logistics,A2-Injury with lost time,Logistics,Normal operation,,,1.2 - Parts with dangerous surfaces,NO,YES,DRX,Male,Crush/Bruise,Nose,12.0,YES,Work related accident,19/05/2021
Left Shoulder Injury,Electric,ElJem,IR,A2-Injury with lost time,E-Assembly - Item number,Normal operation,Tools / Utilities,cart,1.2 - Parts with dangerous surfaces,NO,YES,DRX,Male,Crush/Bruise,Body,3.0,YES,Work related accident,28/05/2021
Hand Injury,Electric,ElJem,IR,A2-Injury with lost time,E-Assembly - Item number,Normal operation,,,1.2 - Parts with dangerous surfaces,YES,YES,DRX,Female,Crush/Bruise,Hand,3.0,YES,Work related accident,07/07/2021
Lower Back Contusion,Electric,ElJem,MR,A2-Injury with lost time,E-Assembly - Item number,Normal operation,Tools / Utilities,Metal support of the water bottles,1.2 - Parts with dangerous surfaces,NO,NO,DRX,Male,Crush/Bruise,Body,3.0,YES,Work related accident,02/08/2021
Left Hand Injury,Electric,ElJem,MM,A2-Injury with lost time,E-Final Assembly - Customer order,Normal operation,,Gable,1.2 - Parts with dangerous surfaces,YES,NO,DRX,Female,Crush/Bruise,Hand,7.0,YES,Work related accident,09/12/2021
Locker Room Accident,Electric,Siliana,ZSB,A2-Injury with lost time,Other,Normal operation,,,1.2 - Parts with dangerous surfaces,NO,YES,DRX,Female,Cut,Body,3.0,YES,Non-work related accident,18/03/2021
Work Surface Accident,Electric,Siliana,MR,A2-Injury with lost time,E-Final Assembly - Customer order,Normal operation,,,1.2 - Parts with dangerous surfaces,NO,NO,DRX,Female,Other,Body,5.0,YES,Work related accident,15/04/2021
Metal Support Impact,Electric,Siliana,MM,A2-Injury with lost time,Logistics,Normal operation,,,1.2 - Parts with dangerous surfaces,NO,,DRX,Female,Crush/Bruise,Head,3.0,YES,Work related accident,18/02/2021
Metal Support Accident,Electric,Siliana,MM,A2-Injury with lost time,Logistics,Normal operation,,,1.2 - Parts with dangerous surfaces,NO,,DRX,Male,Crush/Bruise,Head,3.0,YES,Work related accident,19/02/2021
Sharp Lid Cut,Electric,Siliana,Administration,A2-Injury with lost time,Other,Normal operation,,,1.2 - Parts with dangerous surfaces,NO,,DRX,Male,Cut,Hand,10.0,YES,Work related accident,09/07/2021
General Accident,Electric,Siliana,Logistics,A2-Injury with lost time,Logistics,Normal operation,,,1.2 - Parts with dangerous surfaces,YES,,DRX,Male,Crush/Bruise,Head,7.0,YES,Work related accident,08/07/2021
Reel Impact,Electric,Siliana,Logistics,A2-Injury with lost time,Logistics,Normal operation,,,1.2 - Parts with dangerous surfaces,NO,YES,DRX,Male,Crush/Bruise,Head,10.0,YES,Work related accident,15/11/2021
Blade Wound,Interior,SousseUATS,Production,A2-Injury with lost time,Other,Testing mode,,,1.2 - Parts with dangerous surfaces,NO,NO,DRX,Male,Stab injury,Hand,13.0,YES,Non-work related accident,30/11/2021
Right Index Finger Injury,Electric,SousseMETS,BX8,A2-Injury with lost time,I-Production step 4 - bulk assembly - production island,Normal operation,,,1.2 - Parts with dangerous surfaces,NO,,DRX,Male,Cut,Hand,8.0,YES,Work related accident,25/05/2021
Right Middle Finger Injury,Electric,SousseMETS,KS,A2-Injury with lost time,E-Cable Cutting - cable or cable-set,Malfunction,,,1.2 - Parts with dangerous surfaces,NO,,DRX,Male,Stab injury,Hand,8.0,YES,Work related accident,02/06/2021
Thumb and Left Knee Injury,Electric,SousseMETS,BX8,A2-Injury with lost time,Other,Normal operation,Conveyor System / Robot,,1.2 - Parts with dangerous surfaces,NO,NO,DRX,Female,Stab injury,Hand,6.0,YES,Work related accident,19/11/2021
Body Injury,Interior,SousseUATS,Production,A2-Injury with lost time,Other,Normal operation,Conveyor System / Robot,,1.3 - Equipement de transport et de travail mobile,NO,NO,DRX,Male,Crush/Bruise,Body,11.0,NO,Work related accident,20/12/2021
Right Thumb Sprain,Electric,ElJem,Logistics,A2-Injury with lost time,E-Assembly - Item number,Normal operation,Metal Working Machine,rearing trolley,1.3 - Transport and mobile work equipment,NO,YES,DRX,Male,Crush/Bruise,Hand,12.0,YES,Work related accident,17/05/2021
Forklift Accident,Electric,Siliana,,A2-Injury with lost time,Other,Normal operation,Work place / paths,chariot elevateur,1.3 - Transport and mobile work equipment,NO,,DRX,Male,Crush/Bruise,Leg,5.0,YES,Work related accident,29/05/2021
Ant Impact,Electric,Siliana,Logistics,A2-Injury with lost time,Logistics,Normal operation,,,1.3 - Transport and mobile work equipment,NO,YES,DRX,Male,Fracture,Leg,45.0,YES,Work related accident,22/11/2021
Pneumatic Gun Accident,Electric,Siliana,ZSB,A2-Injury with lost time,E-Final Assembly - Customer order,Normal operation,Tools / Utilities,Pistolet pneumatique,1.4 - Parts with uncontrolled movements,YES,NO,DRX,Female,Crush/Bruise,Head,7.0,YES,Work related accident,26/03/2021
Jet Accident,Electric,Siliana,Logistics,A2-Injury with lost time,Logistics,Normal operation,,,1.4 - Parts with uncontrolled movements,NO,NO,DRX,Female,Crush/Bruise,Leg,5.0,YES,Work related accident,08/04/2021
Left Hand and Hip Injury,Electric,ElJem,,A2-Injury with lost time,E-Final Assembly - Customer order,Normal operation,,slippery ground,"1.5 - Falling, slipping, stumbling, tripping",YES,YES,DRX,Female,Sprain/Strain,Hand,13.0,YES,Non-work related accident,Invalid date: nan
Right Ankle Injury,Electric,ElJem,IR,A2-Injury with lost time,E-Assembly - Item number,Normal operation,,Palette,"1.5 - Falling, slipping, stumbling, tripping",YES,NO,DRX,Female,Sprain/Strain,Foot,3.0,YES,Work related accident,24/09/2021
Flat-Foot Fall,Electric,Siliana,MM,A2-Injury with lost time,E-Staging Assembly - Item number,Normal operation,,,"1.5 - Falling, slipping, stumbling, tripping",NO,YES,DRX,Female,Other,Head,10.0,YES,Non-work related accident,08/01/2021
Stumble Incident,Electric,Siliana,ZSB,A2-Injury with lost time,E-Assembly - Item number,Normal operation,,,"1.5 - Falling, slipping, stumbling, tripping",NO,YES,DRX,Female,Sprain/Strain,Foot,5.0,YES,Non-work related accident,02/02/2021
Inappropriate Footwear Accident,Electric,Siliana,MR,A2-Injury with lost time,Other,Normal operation,,,"1.5 - Falling, slipping, stumbling, tripping",,,DRX,Female,Sprain/Strain,Foot,7.0,YES,Non-work related accident,21/04/2021
Fall Due to Dizziness,Electric,Siliana,Production,A2-Injury with lost time,Logistics,Normal operation,,,"1.5 - Falling, slipping, stumbling, tripping",YES,,DRX,Male,Crush/Bruise,Head,7.0,YES,Non-work related accident,22/04/2021
Bus Door Fall,Electric,Siliana,Outside building,A2-Injury with lost time,,,,,"1.5 - Falling, slipping, stumbling, tripping",NO,,DRX,Female,Sprain/Strain,Foot,7.0,YES,Non-work related accident,30/04/2021
Bawbrett Side Fall,Electric,Siliana,IR,A2-Injury with lost time,E-Assembly - Item number,Normal operation,,,"1.5 - Falling, slipping, stumbling, tripping",,,DRX,Female,Crush/Bruise,Body,5.0,YES,Work related accident,28/01/2021
Misplaced Repak Fall,Electric,Siliana,KS,A2-Injury with lost time,E-Cable Cutting - cable or cable-set,Normal operation,,,"1.5 - Falling, slipping, stumbling, tripping",NO,YES,DRX,Female,Crush/Bruise,Head,3.0,YES,Work related accident,12/11/2021
False Step Fall,Interior,SousseUATS,Outside building,A2-Injury with lost time,,Normal operation,,,"1.5 - Falling, slipping, stumbling, tripping",NO,NO,DRX,Male,Fracture,Foot,23.0,YES,Non-work related accident,08/03/2021
Foot Injury,Electric,SousseMETS,Logistics,A2-Injury with lost time,Logistics,Normal operation,,,"1.5 - Falling, slipping, stumbling, tripping",NO,,DRX,Male,Sprain/Strain,Leg,14.0,YES,Work related accident,02/03/2021
Right Hand Shoulder Injury,Electric,SousseMETS,Logistics,A2-Injury with lost time,Logistics,Normal operation,,,"1.5 - Falling, slipping, stumbling, tripping",NO,,DRX,Male,Other,Body,7.0,YES,Work related accident,15/04/2021
Left Arm Injury,Electric,SousseMETS,VK,A2-Injury with lost time,Other,Normal operation,,,"1.5 - Falling, slipping, stumbling, tripping",NO,,DRX,Female,Sprain/Strain,Arm,11.0,YES,Work related accident,19/05/2021
Right Hip Injury,Electric,SousseMETS,BX8,A2-Injury with lost time,Other,Normal operation,,,"1.5 - Falling, slipping, stumbling, tripping",NO,,DRX,Female,Crush/Bruise,Body,6.0,YES,Work related accident,28/05/2021
Hand Injury from Fall,Electric,SousseMETS,Zeta,A2-Injury with lost time,Other,Normal operation,,,"1.5 - Falling, slipping, stumbling, tripping",NO,,DRX,Female,Sprain/Strain,Hand,21.0,YES,Work related accident,22/06/2021
Foot Injury from Slipping,Electric,SousseMETS,BX8,A2-Injury with lost time,Other,Normal operation,,,"1.5 - Falling, slipping, stumbling, tripping",NO,,DRX,Male,Crush/Bruise,Body,17.0,YES,Work related accident,30/08/2021
Back Injury from Loss of Balance,Electric,SousseMETS,BX8,A2-Injury with lost time,E-Final Assembly - Customer order,Normal operation,Work place / paths,,"1.5 - Falling, slipping, stumbling, tripping",NO,YES,DRX,Female,Abrasion,Body,12.0,YES,Work related accident,16/09/2021
Escalator Fall,Electric,Siliana,Logistics,A2-Injury with lost time,Logistics,Normal operation,,,1.6 - Falls,NO,YES,DRX,Male,Other,Body,22.0,YES,Work related accident,16/02/2021
Standing-to-Sitting Position Change Fall,Electric,Siliana,VK,A2-Injury with lost time,E-Cable Cutting - cable or cable-set,Normal operation,,,1.6 - Falls,NO,YES,DRX,Female,Crush/Bruise,Arm,5.0,YES,Work related accident,21/09/2021
Foot Burn Injury,Electric,SousseMETS,KS,A2-Injury with lost time,Other,Normal operation,,,3.3 - Skin contact with hazardous substances,NO,,DRX,Male,Stab injury,Foot,8.0,YES,Work related accident,02/07/2021
Teeth Broken by Parts Trolley,Electric,SousseMETS,TPT,A2-Injury with lost time,E-Assembly - Item number,Normal operation,,,"8.5 - Insufficient room to move at the workplace, unfavorable workplace requirements, insufficient break rooms, sanitary rooms",NO,NO,DRX,Male,Other,,7.0,YES,Work related accident,03/03/2021
Elbow Dislocation with Ligament Injury,Electric,SousseMETS,BX8,A2-Injury with lost time,Other,Normal operation,,,"8.5 - Insufficient room to move at the workplace, unfavorable workplace requirements, insufficient break rooms, sanitary rooms",NO,,DRX,Female,Sprain/Strain,Arm,21.0,YES,Work related accident,25/11/2021
Elbow Injury,Electric,SousseMETS,BX8,A2-Injury with lost time,Other,Normal operation,,,"8.5 - Insufficient room to move at the workplace, unfavorable workplace requirements, insufficient break rooms, sanitary rooms",NO,,DRX,Female,Sprain/Strain,Arm,5.0,YES,Work related accident,26/11/2021
Left Shoulder Acute Pain,Electric,ElJem,Logistics,A2-Injury with lost time,Logistics,Normal operation,,Commission kit,"9.1 - Lifting, holding, carrying or pulling, pushing",YES,NO,DRX,Male,Other,Hand,6.0,YES,Work related accident,24/09/2021
Left Hand Fracture,Electric,ElJem,Logistics,A2-Injury with lost time,Logistics,Normal operation,Metal Working Machine,,"9.1 - Lifting, holding, carrying or pulling, pushing",NO,YES,DRX,Male,Fracture,Hand,16.0,YES,Work related accident,16/12/2021
Impact from Jets,Electric,Siliana,Production,A2-Injury with lost time,E-Final Assembly - Customer order,Normal operation,,,"9.1 - Lifting, holding, carrying or pulling, pushing",NO,YES,DRX,Female,Crush/Bruise,Body,5.0,YES,Work related accident,16/02/2021
Anteflexion Movement Accident,Electric,Siliana,Production,A2-Injury with lost time,E-Final Assembly - Customer order,Normal operation,,,"9.1 - Lifting, holding, carrying or pulling, pushing",NO,,DRX,Male,Sprain/Strain,Body,3.0,YES,Work related accident,29/04/2021
Cable Reel Lifting Accident,Electric,Siliana,KS,A2-Injury with lost time,E-Cable Cutting - cable or cable-set,Normal operation,,,"9.1 - Lifting, holding, carrying or pulling, pushing",NO,YES,DRX,Male,Sprain/Strain,Body,5.0,YES,Work related accident,29/06/2021
Jet Impact Accident,Electric,Siliana,Logistics,A2-Injury with lost time,Logistics,Normal operation,,,"9.1 - Lifting, holding, carrying or pulling, pushing",NO,,DRX,Female,Crush/Bruise,Body,5.0,YES,Work related accident,07/07/2021
Back Injury,Electric,SousseMETS,Logistics,A2-Injury with lost time,Logistics,Normal operation,,,"9.1 - Lifting, holding, carrying or pulling, pushing",NO,,DRX,Male,Other,Body,11.0,YES,Work related accident,18/03/2021
Shoulder Injury,Electric,SousseMETS,KS,A2-Injury with lost time,E-Cable Cutting - cable or cable-set,Normal operation,,,"9.1 - Lifting, holding, carrying or pulling, pushing",NO,,DRX,Male,Other,Body,30.0,YES,Work related accident,15/04/2021
Knee Injury,Electric,SousseMETS,Logistics,A2-Injury with lost time,Logistics,Normal operation,,,"9.1 - Lifting, holding, carrying or pulling, pushing",NO,,DRX,Male,Sprain/Strain,Leg,21.0,YES,Work related accident,14/06/2021
Back Injury,Electric,SousseMETS,BX8,A2-Injury with lost time,Other,Normal operation,,,"9.1 - Lifting, holding, carrying or pulling, pushing",NO,,DRX,Male,Crush/Bruise,Body,10.0,YES,Work related accident,29/07/2021
Right Eye Injury,Electric,SousseMETS,BX8,A2-Injury with lost time,E-Final Assembly - Customer order,Normal operation,,,"9.1 - Lifting, holding, carrying or pulling, pushing",NO,,DRX,Female,Stab injury,Eye,8.0,YES,Work related accident,14/09/2021
Finger Injury,Electric,SousseMETS,Logistics,A2-Injury with lost time,Logistics,Normal operation,,,"9.1 - Lifting, holding, carrying or pulling, pushing",NO,,DRX,Female,Other,Hand,12.0,YES,Work related accident,01/12/2021
Eye Injury,Electric,ElJem,IR,A2-Injury with lost time,E-Assembly - Item number,Normal operation,,,9.2 - Manual work requiring a low level of physical strength,YES,YES,DRX,Female,Crush/Bruise,Eye,3.0,YES,Work related accident,17/06/2021
Hand Bruise,Electric,SousseMETS,BX8,A2-Injury with lost time,E-Staging Assembly - Item number,Normal operation,,,9.2 - Manual work requiring a low level of physical strength,NO,NO,DRX,Female,Crush/Bruise,Hand,10.0,YES,Work related accident,14/07/2021
Back Pain,Electric,ElJem,IR,A2-Injury with lost time,E-Assembly - Item number,Normal operation,,,9.3 - Forced posture,YES,YES,DRX,Female,Crush/Bruise,Body,17.0,YES,Work related accident,13/07/2021
Forearm Contusion,Electric,ElJem,MR,A2-Injury with lost time,E-Assembly - Item number,Normal operation,,KSK Branch,9.3 - Forced posture,NO,NO,DRX,Male,Sprain/Strain,Arm,6.0,YES,Work related accident,10/09/2021
Back Blockage from Heavy Object Handling,Electric,SousseMETS,TPT,A2-Injury with lost time,I-Production step 2 - Prefabrication processes - technology shop,Normal operation,,,9.3 - Forced posture,NO,NO,DRX,Male,Other,Body,20.0,YES,Work related accident,03/05/2021
Eye Projection Injury,Electric,Siliana,ZSB,A2-Injury with lost time,E-Assembly - Item number,Normal operation,,,9.5 - Working with increased exertion and/or applied strength,NO,YES,DRX,Female,Crush/Bruise,Eye,15.0,YES,Work related accident,08/02/2021
Right Wrist Fracture,Electric,SousseMETS,Zeta,A2-Injury with lost time,Other,Normal operation,,,,NO,,DRX,Male,Fracture,Hand,30.0,YES,Work related accident,27/04/2021
Head Injury from Collision,Electric,SousseMETS,Logistics,A2-Injury with lost time,Logistics,Normal operation,,,,NO,,DRX,Female,Stab injury,Head,7.0,YES,Work related accident,30/09/2021
Right Eye Injury,Electric,SousseMETS,BX8,A2-Injury with lost time,E-Final Assembly - Customer order,Normal operation,,,,NO,,DRX,Female,Stab injury,Eye,7.0,YES,Work related accident,16/11/2021
Foot Injury from Fall,Electric,SousseMETS,BX8,A2-Injury with lost time,E-Final Assembly - Customer order,Normal operation,,,,NO,,DRX,Female,Crush/Bruise,Leg,8.0,YES,Work related accident,17/11/2021
Right Knee Sprain,Electric,SousseMETS,Logistics,A2-Injury with lost time,Other,Normal operation,,,,NO,,DRX,Female,Crush/Bruise,Leg,6.0,YES,Work related accident,19/11/2021
Right Hand Injury,Electric,SousseMETS,KS,A2-Injury with lost time,E-Cable Cutting - cable or cable-set,Normal operation,Power / Work Machine,Machine 061 schluniger,1.2 - Parts with dangerous surfaces,NO,,DRX,Male,Stab injury,Hand,6.0,YES,Work related accident,05/01/2022
Right Thumb Wound,Electric,ElJem,IR,A2-Injury with lost time,E-Assembly - Item number,Normal operation,,,1.2 - Workplace-related operating instruction,NO,YES,DRX,Female,Cut,Hand,7.0,YES,Work related accident,19/07/2022
Eye Injury,Electric,ElJem,IR,A2-Injury with lost time,E-Assembly - Item number,Normal operation,,,1.2 - Workplace-related operating instruction,NO,YES,DRX,Male,Other,Eye,2.0,,Work related accident,27/10/2022
Right Wrist Injury,Electric,SousseMETS,KS,A2-Injury with lost time,E-Cable Cutting - cable or cable-set,Normal operation,,Schleuniger CrimpCenter 63,1.2 - Workplace-related operating instruction,NO,,DRX,Male,Crush/Bruise,Hand,12.0,,Work related accident,06/05/2022
Finger Injury,Electric,Jemmal,FBB,A2-Injury with lost time,Other,Normal operation,Wood and processing machines,circular saw,1.2 - Workplace-related operating instruction,NO,NO,DRX,Male,Cut,Hand,8.0,NO,Work related accident,12/07/2022
Head Injury from Pistol,Electric,SousseMETS,BX8,A2-Injury with lost time,E-Final Assembly - Customer order,Normal operation,Tools / Utilities,Pistole,1.2 - Parts with dangerous surfaces,NO,,DRX,Male,Stab injury,Head,6.0,YES,Work related accident,02/09/2022
Leg Injury,Electric,Jemmal,Production,A2-Injury with lost time,E-Assembly - Item number,Normal operation,Conveyor System / Robot,Conveyor system,1.2 - Parts with dangerous surfaces,NO,NO,DRX,Female,Crush/Bruise,Leg,1.0,NO,Work related accident,23/02/2022
Nose Injury from Collision,Electric,SousseMETS,Logistics,A2-Injury with lost time,Other,,,,1.3 - Transport and mobile work equipment,YES,,DRX,Female,Crush/Bruise,Head,11.0,YES,Non-work related accident,17/08/2022
Finger Injury from Collision,Electric,SousseMETS,Production,A2-Injury with lost time,E-Final Assembly - Customer order,Normal operation,,,1.4 - Parts with uncontrolled movements,NO,,DRX,Male,Crush/Bruise,Hand,15.0,NO,Work related accident,19/09/2022
Head Injury,Electric,SousseMETS,Zeta,A2-Injury with lost time,,Normal operation,,,1.4 - Parts with uncontrolled movements,NO,,DRX,Male,Crush/Bruise,Head,6.0,NO,Work related accident,28/09/2022
Knee Sprain,Interior,SousseUATS,Production,A2-Injury with lost time,Other,Normal operation,,,"1.5 - Falling, slipping, stumbling, tripping",NO,NO,DRX,Female,Sprain/Strain,Leg,19.0,YES,Work related accident,02/12/2022
Right Eyebrow Injury from Fall,Electric,SousseMETS,BX8,A2-Injury with lost time,Other,Normal operation,,,"1.5 - Falling, slipping, stumbling, tripping",NO,,DRX,Female,Stab injury,Eye,4.0,YES,Work related accident,05/07/2022
Left Foot Injury from Fall,Electric,SousseMETS,BX8,A2-Injury with lost time,Other,Normal operation,,,"1.5 - Falling, slipping, stumbling, tripping",YES,,DRX,Female,Crush/Bruise,Foot,15.0,NO,Work related accident,23/08/2022
Shoulder Injury,Electric,SousseMETS,KS,A2-Injury with lost time,,,,,"1.5 - Falling, slipping, stumbling, tripping",NO,,DRX,Female,Crush/Bruise,Body,11.0,NO,Non-work related accident,23/08/2022
Back Injury,Electric,SousseMETS,VK,A2-Injury with lost time,Other,Normal operation,Work place / paths,,"1.5 - Falling, slipping, stumbling, tripping",NO,,DRX,Male,Crush/Bruise,Body,10.0,YES,Work related accident,08/09/2022
Right Eye Injury,Electric,SousseMETS,BX8,A2-Injury with lost time,Other,Normal operation,,,"1.5 - Falling, slipping, stumbling, tripping",NO,,DRX,Female,Crush/Bruise,Eye,5.0,NO,Non-work related accident,31/10/2022
Stepladder Fall,Electric,Siliana,Logistics,A2-Injury with lost time,Logistics,Normal operation,Work place / stairs,,1.6 - Falls,NO,,DRX,Male,Sprain/Strain,Hand,5.0,,Work related accident,10/06/2022
Stepladder Fall,Electric,Siliana,Production,A2-Injury with lost time,Other,Normal operation,,Ladders,1.6 - Falls,NO,,DRX,Male,Sprain/Strain,Foot,25.0,YES,Work related accident,09/11/2022
Hand Injury,Electric,Siliana,Production,A2-Injury with lost time,Other,Normal operation,,,1.6 - Falls,NO,,DRX,Male,Sprain/Strain,Hand,5.0,YES,Work related accident,16/11/2022
Left Hand Injury,Electric,SousseMETS,BX8,A2-Injury with lost time,E-Final Assembly - Customer order,Normal operation,,,10.4 - Work environment,NO,,DRX,Female,Crush/Bruise,Hand,11.0,NO,Work related accident,11/08/2022
Head Pain with Swelling,Electric,Siliana,IR,A2-Injury with lost time,Other,Normal operation,,,11.1 - Other hazards caused by people,NO,,DRX,Female,Crush/Bruise,Head,5.0,YES,Work related accident,07/01/2022
Trolley Fall Injury,Electric,Siliana,Logistics,A2-Injury with lost time,Logistics,Normal operation,Tools / Utilities,,11.2 - Humans,NO,,DRX,Male,Other,Arm,6.0,YES,Work related accident,07/06/2022
Right Hand Injury from Fall,Electric,SousseMETS,VK,A2-Injury with lost time,E-Cable Cutting - cable or cable-set,Normal operation,,,11.2 - Humans,NO,,DRX,Female,Crush/Bruise,Hand,11.0,,Work related accident,12/05/2022
Nose Injury,Electric,Jemmal,IR,A2-Injury with lost time,E-Final Assembly - Customer order,Normal operation,Tools / Utilities,Lagger,2.1 - Working spaces,NO,YES,DRX,Female,Crush/Bruise,Head,7.0,NO,Work related accident,23/09/2022
Little Toe Injury,Electric,SousseMETS,Logistics,A2-Injury with lost time,Logistics,Normal operation,,,2.2 - Traffic routes,NO,,DRX,Male,Crush/Bruise,Foot,8.0,,Work related accident,08/06/2022
Right Foot Contusion,Electric,ElJem,IR,A2-Injury with lost time,E-Assembly - Item number,Normal operation,Work place / stairs,,"2.3 - Falling on even ground, slipping, stumbling, twisting one’s ankle, missteps",NO,NO,DRX,Female,Sprain/Strain,Foot,3.0,YES,Work related accident,07/01/2022
Right Knee Sprain,Electric,ElJem,IR,A2-Injury with lost time,E-Assembly - Item number,Normal operation,Work place / stairs,,"2.3 - Falling on even ground, slipping, stumbling, twisting one’s ankle, missteps",NO,NO,DRX,Male,Sprain/Strain,Leg,13.0,YES,Work related accident,17/01/2022
Pelvic Injury,Electric,ElJem,Cantine,A2-Injury with lost time,Other,Normal operation,,,"2.3 - Falling on even ground, slipping, stumbling, twisting one’s ankle, missteps",YES,,DRX,Female,Sprain/Strain,Foot,5.0,YES,Non-work related accident,05/04/2022
Right Knee Injury,Electric,ElJem,IR,A2-Injury with lost time,E-Assembly - Item number,Normal operation,,,"2.3 - Falling on even ground, slipping, stumbling, twisting one’s ankle, missteps",YES,YES,DRX,Female,Other,Leg,3.0,YES,Work related accident,16/09/2022
Stepladder Fall,Electric,Siliana,MM,A2-Injury with lost time,Other,Normal operation,,,"2.3 - Falling on even ground, slipping, stumbling, twisting one’s ankle, missteps",NO,,DRX,Male,Sprain/Strain,Foot,7.0,YES,Work related accident,24/03/2022
Back Injury from Fall,Electric,SousseMETS,TPT,A2-Injury with lost time,E-Assembly - Item number,Maintenance,,,"2.3 - Falling on even ground, slipping, stumbling, twisting one’s ankle, missteps",NO,NO,DRX,Male,Other,Body,15.0,NO,Work related accident,28/01/2022
Lumbar Spine Injury from Slipping,Electric,SousseMETS,Production,A2-Injury with lost time,E-Assembly - Item number,Normal operation,,,"2.3 - Falling on even ground, slipping, stumbling, twisting one’s ankle, missteps",NO,,DRX,Female,Other,Body,7.0,,Work related accident,31/01/2022
Right Knee Pain from Fall,Electric,SousseMETS,Outside building,A2-Injury with lost time,Other,Normal operation,,,"2.3 - Falling on even ground, slipping, stumbling, twisting one’s ankle, missteps",NO,,DRX,Male,Crush/Bruise,Leg,7.0,,Non-work related accident,21/04/2022
Right Foot Injury,Electric,SousseMETS,KS,A2-Injury with lost time,Other,Normal operation,,,"2.3 - Falling on even ground, slipping, stumbling, twisting one’s ankle, missteps",NO,,DRX,Male,Crush/Bruise,Foot,13.0,,Work related accident,22/04/2022
Right Foot Pain,Electric,SousseMETS,VK,A2-Injury with lost time,Other,Normal operation,,,"2.3 - Falling on even ground, slipping, stumbling, twisting one’s ankle, missteps",NO,,DRX,Female,Other,Foot,15.0,,Non-work related accident,20/05/2022
Right Leg Injury,Electric,SousseMETS,BX8,A2-Injury with lost time,Other,Normal operation,,,"2.3 - Falling on even ground, slipping, stumbling, twisting one’s ankle, missteps",NO,,DRX,Male,Other,Foot,11.0,,Non-work related accident,30/05/2022
Stair Fall Injury,Electric,SousseMETS,TPT,A2-Injury with lost time,Other,,,,"2.3 - Falling on even ground, slipping, stumbling, twisting one’s ankle, missteps",YES,NO,DRX,Male,Sprain/Strain,Body,41.0,NO,Work related accident,05/09/2022
Fall from Height,Electric,Jemmal,Changing room,A2-Injury with lost time,Other,Normal operation,Work place / stairs,,"2.3 - Falling on even ground, slipping, stumbling, twisting one’s ankle, missteps",YES,NO,DRX,Female,Sprain/Strain,Leg,15.0,YES,Work related accident,01/04/2022
Right Hypochondrium Injury,Electric,ElJem,Methall,A2-Injury with lost time,Logistics,Normal operation,Industrial truck,,"2.3 - Falling on even ground, slipping, stumbling, twisting one’s ankle, missteps",NO,YES,DRX,Male,Sprain/Strain,,22.0,YES,Work related accident,17/08/2022
Right Hand Injury,Electric,ElJem,Production,A2-Injury with lost time,Other,Maintenance,,,3.1 - Heavy physical work,NO,,DRX,Male,Laceration,Hand,4.0,YES,Work related accident,21/06/2022
Injury from Bawbret Uprising,Electric,Siliana,FBB,A2-Injury with lost time,Other,Normal operation,Lifting Gear / conveyors,,3.1 - Heavy physical work,NO,,DRX,Male,Sprain/Strain,Body,5.0,YES,Work related accident,12/04/2022
Foot Fracture from Trolley,Interior,SousseUATS,Production,A2-Injury with lost time,Other,Normal operation,Lifting Gear / conveyors,,3.1 - Heavy physical work,NO,NO,DRX,Female,Fracture,Foot,15.0,YES,Work related accident,03/06/2022
Hand Injury,Electric,SousseMETS,Logistics,A2-Injury with lost time,Logistics,Normal operation,,,3.1 - Heavy physical work,YES,NO,DRX,Male,Sprain/Strain,Arm,6.0,YES,Work related accident,25/01/2022
Back Pain,Electric,SousseMETS,KS,A2-Injury with lost time,Other,Normal operation,,,3.1 - Heavy physical work,NO,,DRX,Female,Other,Body,13.0,,Work related accident,20/04/2022
Inguinal Hernia Injury,Electric,SousseMETS,Logistics,A2-Injury with lost time,Logistics,Normal operation,,,3.1 - Heavy physical work,YES,,DRX,Male,Other,Leg,8.0,,Work related accident,07/06/2022
Right Finger Injury,Electric,ElJem,Logistics,A2-Injury with lost time,Logistics,Normal operation,,,3.8 - Impeded handling of work equipment,NO,YES,DRX,Male,Fracture,Hand,22.0,YES,Work related accident,29/08/2022
Right Eye Redness,Electric,Siliana,MR,A2-Injury with lost time,Other,Normal operation,,,4.1 - Infections,NO,,DRX,Female,Chemical Burn,Eye,7.0,YES,Work related accident,27/01/2022
Head Injury,Electric,ElJem,MM,A2-Injury with lost time,Logistics,Normal operation,Lifting Gear / conveyors,,4.2 - Parts with hazardous surfaces,NO,YES,DRX,Male,Sprain/Strain,Head,2.0,YES,Work related accident,19/04/2022
Left Shoulder Injury,Electric,ElJem,IR,A2-Injury with lost time,Other,Normal operation,,,4.2 - Parts with hazardous surfaces,YES,,DRX,Male,Laceration,Body,9.0,YES,Work related accident,13/05/2022
Left Eye Injury,Electric,ElJem,IR,A2-Injury with lost time,E-Pre Assembly - Detail Planning Group DPG,Normal operation,,,4.2 - Parts with hazardous surfaces,YES,YES,DRX,Female,Other,Eye,3.0,YES,Work related accident,14/07/2022
Right Ankle Sprain,Electric,ElJem,MM,A2-Injury with lost time,Logistics,Normal operation,,,4.2 - Parts with hazardous surfaces,NO,YES,DRX,Male,Sprain/Strain,Foot,9.0,NO,Work related accident,01/09/2022
Left Hand Sprain,Electric,ElJem,MM,A2-Injury with lost time,Logistics,Normal operation,,,4.2 - Parts with hazardous surfaces,NO,YES,DRX,Male,Sprain/Strain,Hand,5.0,YES,Work related accident,06/09/2022
Right 5th Finger Wound,Electric,ElJem,Production,A2-Injury with lost time,E-Assembly - Item number,Normal operation,,,4.2 - Parts with hazardous surfaces,NO,YES,DRX,Male,Other,Hand,8.0,,Work related accident,02/11/2022
Right Hand Contusion,Electric,ElJem,MR,A2-Injury with lost time,E-Assembly - Item number,Normal operation,,,4.2 - Parts with hazardous surfaces,NO,YES,DRX,Female,Sprain/Strain,Hand,11.0,YES,Work related accident,20/10/2022
Right Hand Injury,Electric,SousseMETS,Logistics,A2-Injury with lost time,Logistics,Normal operation,,,4.2 - Parts with hazardous surfaces,NO,,DRX,Male,Stab wound,Hand,6.0,,Work related accident,18/05/2022
Hand Injury,Electric,ElJem,MM,A2-Injury with lost time,E-Assembly - Item number,Normal operation,,,4.3 - Means of transport,NO,YES,DRX,Female,Other,Hand,9.0,,Work related accident,27/10/2022
Left Shoulder Dislocation,Electric,SousseMETS,Outside building,A2-Injury with lost time,Other,Normal operation,,,4.3 - Means of transport,NO,,DRX,Female,Other,Hand,19.0,,Non-work related accident,21/03/2022
Left Hip and Shoulder Injury,Electric,SousseMETS,BX8,A2-Injury with lost time,Other,Normal operation,,,4.3 - Means of transport,NO,,DRX,Female,Other,Hand,8.0,,Non-work related accident,18/05/2022
Right Foot Injury,Electric,SousseMETS,Outside building,A2-Injury with lost time,Other,,,,4.3 - Means of transport,NO,,DRX,Female,Other,Foot,11.0,NO,Non-work related accident,28/09/2022
Right Hand Fracture,Electric,ElJem,IR,A2-Injury with lost time,E-Pre Assembly - Detail Planning Group DPG,Normal operation,,,4.4 - Parts moving uncontrolled,NO,YES,DRX,Female,Fracture,Hand,9.0,NO,Work related accident,20/09/2022
Left Eye Injury,Electric,SousseMETS,Production,A2-Injury with lost time,E-Assembly - Item number,Normal operation,,,4.4 - Parts moving uncontrolled,NO,,DRX,Female,Other,Eye,5.0,,Work related accident,22/02/2022
Right Ankle Pain,Electric,SousseMETS,Outside building,A2-Injury with lost time,Other,Normal operation,,,4.4 - Parts moving uncontrolled,NO,,DRX,Female,Other,Foot,14.0,,Non-work related accident,15/03/2022
Left Lower Limb Lumbosciatalgia,Interior,SousseUATS,Production,A2-Injury with lost time,Other,Normal operation,,,"9.1 - Lifting, holding, carrying or pulling, pushing",NO,NO,DRX,Male,Sprain/Strain,Body,11.0,YES,Work related accident,16/08/2022
Back Pain,Electric,SousseMETS,BX8,A2-Injury with lost time,Other,Normal operation,,,"9.1 - Lifting, holding, carrying or pulling, pushing",NO,,DRX,Male,Other,Body,6.0,NO,Work related accident,26/10/2022
Right Ankle Pain,Electric,SousseMETS,Logistics,A2-Injury with lost time,Logistics,Normal operation,Tools / Utilities,Trolley,"9.1 - Lifting, holding, carrying or pulling, pushing",NO,,DRX,Male,Stab wound,Foot,11.0,NO,Work related accident,11/11/2022
Right Foot Injury,Electric,SousseMETS,KS,A2-Injury with lost time,E-Cable Cutting - cable or cable-set,Normal operation,Tools / Utilities,Trolley,"9.1 - Lifting, holding, carrying or pulling, pushing",YES,,DRX,Male,Fracture,Foot,13.0,NO,Work related accident,30/11/2022
Right Shoulder Pain,Electric,SousseMETS,Logistics,A2-Injury with lost time,E-Cable Cutting - cable or cable-set,Normal operation,Tools / Utilities,,"9.1 - Lifting, holding, carrying or pulling, pushing",NO,,DRX,Male,Other,,14.0,NO,Work related accident,01/12/2022
Left Hand Fracture,Electric,ElJem,,A2-Injury with lost time,,,,,,,,,,,,6.0,,Work related accident,01/01/2022
Stab Wound,Electric,SousseMETS,BX8,A2-Injury with lost time,,Normal operation,,,,NO,,DRX,Female,-,Foot,26.0,YES,Non-work related accident,03/01/2022
Lumbago Pain,Electric,ElJem,Logistics,A2-Injury with lost time,Other,Maintenance,,,1.1 - Workplace-related training,NO,YES,DRX,Male,Other,Body,6.0,YES,Work related accident,18/03/2023
Lumbago Pain,Electric,ElJem,Logistics,A2-Injury with lost time,Logistics,Normal operation,,,1.1 - Workplace-related training,NO,YES,DRX,Male,Other,Body,2.0,NO,Work related accident,06/04/2023
Falling Box Leading to Right Wrist Injury,Electric,SousseMETS,Production,A2-Injury with lost time,E-Final Assembly - Customer order,Normal operation,,,1.1 - Workplace-related training,NO,,DRX,Female,Crush/Bruise,Hand,11.0,NO,Work related accident,07/06/2023
Thumb Injury,Electric,Jemmal,Logistics,A2-Injury with lost time,Logistics,Maintenance,Tools / Utilities,racks,1.10 - General communication,NO,YES,DRX,Male,Crush/Bruise,Hand,15.0,,Work related accident,19/04/2023
Lower Back Pain,Electric,ElJem,IR,A2-Injury with lost time,Other,Maintenance,,,1.2 - Workplace-related operating instruction,NO,YES,DRX,Male,Other,Body,3.0,NO,Work related accident,14/06/2023
Shoulder Dislocation,Electric,Siliana,,A2-Injury with lost time,Logistics,Malfunction,,,1.2 - Workplace-related operating instruction,NO,NO,DRX,Male,Fracture,Arm,31.0,,Work related accident,01/12/2023
Left Index Finger Injury,Electric,SousseMETS,VK,A2-Injury with lost time,E-Cable Cutting - cable or cable-set,Normal operation,Power / Work Machine,crimping machine,1.2 - Workplace-related operating instruction,YES,,DRX,Female,Crush/Bruise,Hand,11.0,NO,Work related accident,08/02/2023
Right Hand Injury,Electric,SousseMETS,BX8,A2-Injury with lost time,E-Final Assembly - Customer order,Normal operation,Conveyor System / Robot,Baubrett (Assembly line),1.2 - Workplace-related operating instruction,NO,,DRX,Male,Crush/Bruise,Hand,20.0,YES,Work related accident,04/05/2023
Falling Box Leading to Right Shoulder Injury,Electric,SousseMETS,Logistics,A2-Injury with lost time,Logistics,Normal operation,,,1.2 - Workplace-related operating instruction,NO,,DRX,Male,Crush/Bruise,Body,7.0,YES,Work related accident,06/07/2023
Finger Injury from Electric Screwdriver,Electric,Jemmal,Production,A2-Injury with lost time,Logistics,Normal operation,Tools / Utilities,Electric screwdriver,1.2 - Workplace-related operating instruction,NO,NO,DRX,Male,Stab injury,Hand,5.0,NO,Work related accident,11/05/2023
Left Hand Injury,Electric,ElJem,IR,A2-Injury with lost time,I-Production step 3 - lamination and finishing processes - production cell,Normal operation,,,1.2 - Parts with dangerous surfaces,YES,YES,DRX,Female,Cut,Hand,3.0,YES,Work related accident,22/08/2023
Foot Pain,Electric,Siliana,Production,A2-Injury with lost time,Other,Normal operation,Processing Machines,,1.2 - Parts with dangerous surfaces,NO,,DRX,Male,Crush/Bruise,Foot,5.0,NO,Non-work related accident,23/02/2023
Internal Organ Crush,Electric,Siliana,Production,A2-Injury with lost time,Other,Normal operation,Work place / paths,,1.2 - Parts with dangerous surfaces,NO,,DRX,Male,Crush/Bruise,Internal organs,18.0,NO,Work related accident,03/03/2023
Foot Injury,Electric,Siliana,KS,A2-Injury with lost time,Other,Normal operation,Work place / paths,,1.2 - Parts with dangerous surfaces,NO,,DRX,Male,Crush/Bruise,Foot,25.0,NO,Work related accident,02/06/2023
Collision Leading to Left Finger Fracture,Electric,SousseMETS,BX8,A2-Injury with lost time,E-Final Assembly - Customer order,Normal operation,,,1.2 - Parts with dangerous surfaces,NO,,DRX,Female,Crush/Bruise,Hand,20.0,NO,Work related accident,19/01/2023
Thumb Dislocation,Electric,SousseMETS,KS,A2-Injury with lost time,E-Cable Cutting - cable or cable-set,Normal operation,,,1.4 - Hazardous work,NO,,DRX,Male,Crush/Bruise,Hand,15.0,YES,Work related accident,13/10/2023
Internal Organ Crush,Electric,Siliana,Quality,A2-Injury with lost time,Other,Normal operation,Work place / paths,,"1.5 - Falling, slipping, stumbling, tripping",NO,,DRX,Female,Crush/Bruise,Leg,10.0,NO,Work related accident,16/08/2023
Internal Organ Crush,Electric,Siliana,Quality,A2-Injury with lost time,Other,Normal operation,Work place / paths,,"1.5 - Falling, slipping, stumbling, tripping",NO,,DRX,Female,Crush/Bruise,Hand,10.0,NO,Work related accident,16/08/2023
Internal Organ Crush,Electric,Siliana,Production,A2-Injury with lost time,E-Cable Cutting - cable or cable-set,Normal operation,Work place / paths,,"1.5 - Falling, slipping, stumbling, tripping",NO,,DRX,Male,Crush/Bruise,Leg,7.0,NO,Work related accident,11/07/2023
Hip Pain,Electric,Siliana,ZSB,A2-Injury with lost time,Other,Normal operation,Tools / Utilities,,10.3 - Social conditions,NO,NO,DRX,Male,Crush/Bruise,Body,7.0,YES,Non-work related accident,19/10/2023
Deep Finger Wound on Right Hand,Electric,Siliana,,A2-Injury with lost time,Other,Normal operation,,,11.1 - Humans,NO,NO,DRX,Female,Crush/Bruise,Leg,7.0,YES,Work related accident,11/11/2023
Hand Wound,Electric,Siliana,VK,A2-Injury with lost time,E-Cable Cutting - cable or cable-set,Normal operation,,,11.2 - Humans,NO,NO,DRX,Female,Stab injury,Hand,10.0,YES,Non-work related accident,15/11/2023
Knee Injury,Electric,Siliana,IR,A2-Injury with lost time,Other,Normal operation,,,11.2 - Humans,NO,NO,DRX,Female,Crush/Bruise,Leg,3.0,YES,Non-work related accident,27/11/2023
Neck Injury,Electric,Jemmal,IR,A2-Injury with lost time,E-Final Assembly - Customer order,Normal operation,,,11.2 - Humans,NO,YES,DRX,Female,Sprain/Strain,Body,5.0,YES,Work related accident,18/09/2023
Left Foot Bruise,Electric,ElJem,Logistics,A2-Injury with lost time,Logistics,Normal operation,Lifting Gear / conveyors,Amaisa,2.2 - Traffic routes,NO,NO,DRX,Male,Crush/Bruise,Foot,7.0,YES,Work related accident,22/09/2023
Left Elbow Injury,Electric,ElJem,Production,A2-Injury with lost time,E-Final Assembly - Customer order,Normal operation,Power / Work Machine,Transpalet,2.2 - Traffic routes,NO,NO,DRX,Female,Crush/Bruise,Head,1.0,YES,Work related accident,15/12/2023
Back Injury,Electric,Jemmal,Administration,A2-Injury with lost time,Office,Normal operation,,,2.2 - Traffic routes,NO,,DRX,Male,Sprain/Strain,Body,5.0,YES,Work related accident,30/08/2023
Back Injury,Electric,ElJem,MM,A2-Injury with lost time,E-Pre Assembly - Detail Planning Group DPG,Normal operation,,,"2.3 - Falling on even ground, slipping, stumbling, twisting one’s ankle, missteps",NO,YES,DRX,Female,Other,Body,7.0,NO,Work related accident,02/02/2023
Right Pelvis Injury,Electric,ElJem,,A2-Injury with lost time,I-Production step 5 - sequenced assembly - production island,Normal operation,,,"2.3 - Falling on even ground, slipping, stumbling, twisting one’s ankle, missteps",NO,NO,DRX,Male,Crush/Bruise,Body,4.0,NO,Work related accident,02/11/2023
Fall Due to Slipping,Interior,SousseUATS,Logistics,A2-Injury with lost time,Logistics,Normal operation,,,"2.3 - Falling on even ground, slipping, stumbling, twisting one’s ankle, missteps",NO,NO,DRX,Male,Sprain/Strain,Body,14.0,YES,Work related accident,17/07/2023
Slipping Leading to Right Ankle Sprain,Electric,SousseMETS,BX8,A2-Injury with lost time,Other,Normal operation,,,"2.3 - Falling on even ground, slipping, stumbling, twisting one’s ankle, missteps",YES,,DRX,Female,Crush/Bruise,Foot,11.0,YES,Non-work related accident,02/02/2023
Falling Metal Part Leading to Left Foot Injury,Electric,SousseMETS,KS,A2-Injury with lost time,Other,Normal operation,,,"2.3 - Falling on even ground, slipping, stumbling, twisting one’s ankle, missteps",NO,,DRX,Female,Crush/Bruise,Foot,7.0,NO,Work related accident,02/02/2023
Falling Leading to Back and Shoulder Injury,Electric,SousseMETS,BX8,A2-Injury with lost time,Other,Normal operation,,,"2.3 - Falling on even ground, slipping, stumbling, twisting one’s ankle, missteps",YES,,DRX,Female,Other,Body,21.0,NO,Non-work related accident,26/04/2023
Slipping Leading to Right Hip Injury,Electric,SousseMETS,Zeta,A2-Injury with lost time,Other,Normal operation,,,"2.3 - Falling on even ground, slipping, stumbling, twisting one’s ankle, missteps",YES,,DRX,Female,Crush/Bruise,Leg,11.0,YES,Non-work related accident,25/05/2023
Head Injury,Electric,SousseMETS,Production,A2-Injury with lost time,-,,,,"2.3 - Falling on even ground, slipping, stumbling, twisting one’s ankle, missteps",YES,,DRX,Male,Crush/Bruise,Head,6.0,NO,Non-work related accident,24/05/2023
Twisted Finger,Electric,Jemmal,Production,A2-Injury with lost time,Logistics,Normal operation,Tools / Utilities,stepladder,"2.3 - Falling on even ground, slipping, stumbling, twisting one’s ankle, missteps",NO,NO,DRX,Male,Sprain/Strain,Hand,9.0,NO,Work related accident,16/05/2023
Lower Back Pain,Interior,SousseUATS,Production,A2-Injury with lost time,E-Assembly - Item number,Normal operation,,,3.1 - Heavy physical work,YES,NO,DRX,Male,Sprain/Strain,Body,29.0,YES,Work related accident,26/03/2023
Abnormal Movement from Carrying Heavy Box,Interior,SousseUATS,Production,A2-Injury with lost time,E-Assembly - Item number,Malfunction,Packaging Machine,Assembly,3.1 - Heavy physical work,NO,NO,DRX,Male,Other,Body,8.0,NO,Work related accident,06/11/2023
Lifting Leading to Back Pain,Electric,SousseMETS,Production,A2-Injury with lost time,E-Cable Cutting - cable or cable-set,Normal operation,,,3.1 - Heavy physical work,YES,,DRX,Male,Sprain/Strain,Body,11.0,NO,Work related accident,17/02/2023
Shelf Handling Incident,Electric,Jemmal,Production,A2-Injury with lost time,Logistics,Maintenance,Tools / Utilities,shelfs,3.1 - Heavy physical work,NO,YES,DRX,Male,Sprain/Strain,Hand,9.0,YES,Work related accident,03/01/2023
Dorsal and Lumbar Spine Contusion,Electric,SousseMETS,VK,A2-Injury with lost time,E-Cable Cutting - cable or cable-set,Normal operation,,,3.8 - Impeded handling of work equipment,NO,,DRX,Female,Crush/Bruise,Body,6.0,,Work related accident,14/04/2023
Bruised Hand,Electric,Jemmal,Production,A2-Injury with lost time,I-Production step 4 - bulk assembly - production island,,Wood and processing machines,support metalique,3.8 - Impeded handling of work equipment,,,DRX,Female,Crush/Bruise,Hand,5.0,NO,Work related accident,29/05/2023
Hand Injury from Cable Handling,Electric,Jemmal,IR,A2-Injury with lost time,E-Final Assembly - Customer order,Normal operation,Wood and processing machines,Metal support,3.8 - Impeded handling of work equipment,NO,YES,DRX,Male,Crush/Bruise,Hand,5.0,YES,Work related accident,30/08/2023
Bruised Hand,Electric,Jemmal,IR,A2-Injury with lost time,I-Production step 4 - bulk assembly - production island,,Wood and processing machines,support metallique,3.8 - Impeded handling of work equipment,YES,,DRX,Female,Crush/Bruise,Hand,2.0,NO,Work related accident,01/06/2023
Frontal Head Injury,Electric,Jemmal,IR,A2-Injury with lost time,Logistics,Normal operation,Tools / Utilities,stepladder locking bracket,4.2 - Parts with hazardous surfaces,NO,NO,DRX,Male,Crush/Bruise,Head,5.0,NO,Work related accident,19/09/2023
5th Toe Fracture,Electric,ElJem,Logistics,A2-Injury with lost time,Logistics,Normal operation,,,4.3 - Means of transport,NO,YES,DRX,Male,Fracture,Foot,15.0,NO,Work related accident,21/02/2023
Right Shoulder Injury,Electric,SousseMETS,KS,A2-Injury with lost time,E-Cable Cutting - cable or cable-set,Normal operation,Lifting Gear / conveyors,,4.3 - Means of transport,YES,,DRX,Male,Other,Body,8.0,YES,Work related accident,08/06/2023
Trolley Accident,Electric,Jemmal,Foaming Area,A2-Injury with lost time,C-Mid End (injection molding / stamping - bending ...),Normal operation,Tools / Utilities,trolley,4.3 - Means of transport,NO,NO,DRX,Male,Cut,Foot,10.0,NO,Work related accident,13/11/2023
Metal Door Fall Injury,Interior,SousseUATS,Logistics,A2-Injury with lost time,Other,Normal operation,,,4.4 - Parts moving uncontrolled,NO,NO,DRX,Male,Burn/Scald,Head,28.0,YES,Work related accident,17/06/2023
Finger Injury,Interior,SousseUATS,Production,A2-Injury with lost time,Other,Normal operation,Processing Machines,Sewing,4.4 - Parts moving uncontrolled,NO,NO,DRX,Female,Stab injury,Hand,6.0,YES,Work related accident,05/09/2023
Shoulder Sprain,Interior,SousseUATS,Production,A2-Injury with lost time,C-Back End (assembly),Malfunction,Processing Machines,AP2_JLR,4.4 - Parts moving uncontrolled,NO,NO,DRX,Male,Sprain/Strain,Arm,131.0,NO,Work related accident,30/07/2023
Bruised Hand,Electric,Jemmal,Production,A2-Injury with lost time,Other,Normal operation,Conveyor System / Robot,workstation,4.4 - Parts moving uncontrolled,NO,NO,DRX,Female,Crush/Bruise,Hand,5.0,NO,Work related accident,20/05/2023
Crushed Finger,Electric,Jemmal,Production,A2-Injury with lost time,E-Assembly - Item number,Normal operation,Lifting Gear / conveyors,plastic boxes,4.4 - Parts moving uncontrolled,NO,NO,DRX,Female,Crush/Bruise,Hand,5.0,NO,Work related accident,12/06/2023
Hand Injury from Molding Machine,Electric,Jemmal,Foaming Area,A2-Injury with lost time,C-Mid End (injection molding / stamping - bending ...),Normal operation,Plastics processing machines,Foaming Areaingection machine,4.4 - Parts moving uncontrolled,NO,NO,DRX,Male,Crush/Bruise,Hand,5.0,NO,Work related accident,10/07/2023
Crushed Hand During Maintenance,Electric,Jemmal,Production,A2-Injury with lost time,Other,Maintenance,Processing Machines,Electrical function test,4.4 - Parts moving uncontrolled,NO,YES,DRX,Male,Crush/Bruise,Hand,8.0,YES,Work related accident,15/02/2023
Nutrunner Hand Bruise,Electric,Jemmal,FBB,A2-Injury with lost time,Other,Normal operation,Wood and processing machines,Nutrunner,4.4 - Parts moving uncontrolled,NO,YES,DRX,Male,Crush/Bruise,Hand,5.0,YES,Work related accident,03/04/2023
Hand Pain,Electric,Siliana,IR,A2-Injury with lost time,Other,Normal operation,,,,NO,,DRX,Male,Crush/Bruise,Hand,7.0,YES,Non-work related accident,17/01/2023
Leg Injury,Electric,Siliana,,A2-Injury with lost time,Other,Normal operation,,,,NO,NO,DRX,Female,Crush/Bruise,Leg,30.0,YES,Work related accident,18/11/2023
Leg Fracture,Electric,Siliana,Maintenance,A2-Injury with lost time,,Normal operation,,,,NO,NO,DRX,Male,Fracture,Leg,37.0,YES,Work related accident,25/11/2023
Right Hand Injury,Electric,Siliana,Maintenance,A2-Injury with lost time,,,,,,,,,,Crush/Bruise,Hand,,,Work related accident,18/12/2023
Hand Injury,Electric,ElJem,Production,A2-Injury with lost time,Other,Normal operation,Metal Working Machine,the pince of boutel,3.8 - Impeded handling of work equipment,NO,NO,DRX,Female,Crush/Bruise,Hand,10.0,NO,Work related accident,06/06/2024
Hand Injury,Electric,ElJem,MM,A2-Injury with lost time,Logistics,Normal operation,Work place / paths,stepladder,3.8 - Impeded handling of work equipment,NO,NO,DRX,Male,Crush/Bruise,Hand,5.0,NO,Work related accident,07/09/2024
Leg Injury,Electric,ElJem,IR,A2-Injury with lost time,Other,Normal operation,Lifting Gear / conveyors,trolley,2.2 - Traffic routes,NO,NO,DRX,Female,Crush/Bruise,Leg,9.0,NO,Work related accident,30/01/2024
Head Injury,Electric,ElJem,MR,A2-Injury with lost time,Other,Maintenance,Work place / paths,the Guillot support,2.2 - Traffic routes,NO,NO,DRX,Male,Crush/Bruise,Head,4.0,NO,Work related accident,24/04/2024
Leg Injury from Falling Object,Electric,Jemmal,Logistics,A2-Injury with lost time,Logistics,Normal operation,Tools / Utilities,plastic box,4.4 - Parts moving uncontrolled,NO,YES,DRX,Male,Crush/Bruise,Leg,4.0,YES,Work related accident,06/03/2024
Eyebrow Injury,Electric,Jemmal,,A2-Injury with lost time,E-Final Assembly - Customer order,Normal operation,Metal Working Machine,IR table structure,4.2 - Parts with hazardous surfaces,NO,YES,DRX,Male,Cut,Head,6.0,YES,Work related accident,21/03/2024
Thumb Injury with Swelling,Electric,Jemmal,IR,A2-Injury with lost time,E-Final Assembly - Customer order,Normal operation,Machine Tool,foaming machine mold,3.8 - Impeded handling of work equipment,NO,YES,DRX,Male,Sprain/Strain,Hand,4.0,YES,Work related accident,21/10/2024
Right Hand Injury with Swelling,Electric,Jemmal,Production,A2-Injury with lost time,Other,Normal operation,Work place / paths,Plastic box,3.8 - Impeded handling of work equipment,NO,NO,DRX,Male,Fracture,Hand,31.0,NO,Work related accident,16/11/2024
Connector-Related Wound,Electric,Jemmal,Production,A2-Injury with lost time,E-Assembly - Item number,Normal operation,Tools / Utilities,cable connector,3.8 - Impeded handling of work equipment,NO,YES,DRX,Male,Laceration,Hand,5.0,YES,Work related accident,06/12/2024
Head injury,Electric,Jemmal,Maintenance,A2-Injury with lost time,E-Final Assembly - Customer order,Maintenance,Tools / Utilities,feeding workstation,3.1 - Heavy physical work,NO,YES,DRX,Male,Crush/Bruise,Head,6.0,,Work related accident,26/10/2024
Trip and Fall,Electric,Jemmal,IR,A2-Injury with lost time,E-Assembly - Item number,Normal operation,Tools / Utilities,metal cart,"2.3 - Falling on even ground, slipping, stumbling, twisting one’s ankle, missteps",NO,YES,DRX,Female,Laceration,Hand,10.0,NO,Work related accident,30/01/2024
Foot Sprain,Electric,Jemmal,Changing room,A2-Injury with lost time,Other,Normal operation,Work place / paths,changing room floor,"2.3 - Falling on even ground, slipping, stumbling, twisting one’s ankle, missteps",NO,YES,DRX,Female,Sprain/Strain,Leg,13.0,YES,Non-work related accident,27/02/2024
Finger Injury with Swelling,Electric,Jemmal,Changing room,A2-Injury with lost time,Other,Normal operation,Tools / Utilities,changing room,2.1 - Working spaces,NO,YES,DRX,Male,Fracture,Hand,13.0,NO,Non-work related accident,15/08/2024
Back Sprain from Tripping,Electric,Jemmal,IR,A2-Injury with lost time,E-Final Assembly - Customer order,Normal operation,Work place / paths,anti fatigue mat,2.1 - Working spaces,NO,YES,DRX,Female,Sprain/Strain,Body,27.0,YES,Work related accident,02/12/2024
Back Sprain injury,Electric,Jemmal,Production,A2-Injury with lost time,E-Assembly - Item number,Normal operation,Work place / paths,,11.2 - Humans,NO,NO,DRX,Female,Sprain/Strain,Body,5.0,NO,Work related accident,14/11/2024
Facial Injury,Electric,Siliana,Production,A2-Injury with lost time,I-Production step 4 - bulk assembly - production cell,Normal operation,Tools / Utilities,,4.4 - Parts moving uncontrolled,NO,NO,DRX,Female,Stab wound,Head,5.0,NO,Work related accident,10/01/2024
Finger Pinch on Crimping Machine,Electric,Siliana,VK,A2-Injury with lost time,E-Cable Cutting - cable or cable-set,Normal operation,Machine Tool,HANKE 11290/044,4.4 - Parts moving uncontrolled,NO,,DRX,Male,Cut,Hand,45.0,YES,Work related accident,10/10/2024
Right Shoulder Injury from Overloaded Cart,Electric,Siliana,Logistics,A2-Injury with lost time,Logistics,Normal operation,Lifting Gear / conveyors,,4.2 - Parts with hazardous surfaces,NO,,DRX,Male,,Hand,3.0,,Work related accident,27/05/2024
Eye Injury from Cable Pull,Electric,Siliana,ZSB,A2-Injury with lost time,E-Final Assembly - Customer order,Normal operation,,,4.2 - Parts with hazardous surfaces,NO,,DRX,Female,Other,Eye,7.0,,Work related accident,28/08/2024
Blade Holder Incident,Electric,Siliana,Logistics,A2-Injury with lost time,Logistics,Normal operation,Tools / Utilities,Blade Holder,4.2 - Parts with hazardous surfaces,NO,NO,DRX,Female,Stab wound,Hand,8.0,,Work related accident,18/09/2024
Eye Injury,Electric,Siliana,MR,A2-Injury with lost time,E-Final Assembly - Customer order,Normal operation,,,4.2 - Parts with hazardous surfaces,NO,YES,DRX,Female,Other,Eye,7.0,YES,Work related accident,23/10/2024
Eye Injury,Electric,Siliana,MM,A2-Injury with lost time,E-Staging Pre-assembly - Detail Planning Group DPG,Normal operation,,,4.2 - Parts with hazardous surfaces,NO,YES,DRX,Female,Other,Eye,10.0,YES,Work related accident,24/10/2024
Hand Injury,Electric,Siliana,Maintenance,A2-Injury with lost time,Other,Maintenance,Wood and processing machines,,4.1 - Unprotected moving parts of machinery,NO,NO,DRX,Male,Stab wound,Hand,3.0,NO,Work related accident,17/02/2024
Improper Manual Handling,Electric,Siliana,Logistics,A2-Injury with lost time,Logistics,Normal operation,,,3.1 - Heavy physical work,NO,YES,DRX,Male,Other,Body,7.0,YES,Work related accident,19/09/2024
Lower Back Pain from Heavy Load Handling,Electric,Siliana,Logistics,A2-Injury with lost time,Logistics,Normal operation,,,3.1 - Heavy physical work,YES,YES,DRX,Male,Other,Body,15.0,,Work related accident,25/09/2024
Ankle injury,Electric,Siliana,Production,A2-Injury with lost time,I-Production step 4 - bulk assembly - production cell,Normal operation,,,"2.3 - Falling on even ground, slipping, stumbling, twisting one’s ankle, missteps",NO,,DRX,Female,Sprain/Strain,Foot,13.0,,Non-work related accident,21/03/2024
Left Hand injury,Electric,Siliana,Production,A2-Injury with lost time,Other,Normal operation,,,"2.3 - Falling on even ground, slipping, stumbling, twisting one’s ankle, missteps",YES,,DRX,Female,Other,Hand,10.0,,Non-work related accident,22/05/2024
Fall from Inadequate Ladder,Electric,Siliana,Logistics,A2-Injury with lost time,Logistics,Normal operation,,,"2.3 - Falling on even ground, slipping, stumbling, twisting one’s ankle, missteps",NO,,DRX,Male,Fracture,Hand,49.0,,Work related accident,21/09/2024
Elbow Fracture,Electric,Siliana,Production,A2-Injury with lost time,E-Assembly - Item number,Normal operation,Tools / Utilities,Three-hole expansion pliers (HWZ),11.2 - Humans,NO,,DRX,Female,Fracture,Hand,117.0,,Work related accident,05/02/2024
Handle-Related injury,Electric,Siliana,Production,A2-Injury with lost time,I-Production step 4 - bulk assembly - production cell,Normal operation,,,11.2 - Humans,NO,,DRX,Female,Other,Hand,14.0,,Non-work related accident,07/05/2024
Epileptic Seizure,Electric,Siliana,ZSB,A2-Injury with lost time,E-Assembly - Item number,Normal operation,,,11.2 - Humans,NO,,DRX,Female,Sprain/Strain,Hand,21.0,,Non-work related accident,28/05/2024
Adhesive Tape Cutting Machine Incident,Electric,Siliana,VK,A2-Injury with lost time,E-Cable Cutting - cable or cable-set,Maintenance,Machine Tool,Tesa spender,1.3 - Coordination of work,NO,,DRX,Female,Stab wound,Hand,10.0,,Work related accident,06/01/2024
Finger Sprain on Shafer Machine,Electric,Siliana,KS,A2-Injury with lost time,E-Cable Cutting - cable or cable-set,Malfunction,Power / Work Machine,Schafer-736,1.2 - Workplace-related operating instruction,NO,NO,DRX,Female,Sprain/Strain,Hand,21.0,NO,Non-work related accident,08/05/2024
Leg Fracture,Electric,Siliana,,A2-Injury with lost time,,,,,,,,,,,,8.0,,,01/01/2024
Shoulder Dislocation,Electric,Siliana,,A2-Injury with lost time,,,,,,,,,,,,2.0,,,01/01/2024
Hand Fracture,Electric,SousseMETS,KS,A2-Injury with lost time,Other,Normal operation,,KOMAX 253,4.4 - Parts moving uncontrolled,NO,,DRX,Male,Fracture,Hand,17.0,,Work related accident,27/11/2024
Right Arm Injury,Electric,SousseMETS,KS,A2-Injury with lost time,Other,Maintenance,Work place / paths,,3.10 - Workstations,NO,NO,DRX,Male,Crush/Bruise,Arm,11.0,,Work related accident,23/09/2024
Cervical Injuryfrom Fall,Electric,SousseMETS,Zeta,A2-Injury with lost time,E-Cable Cutting - cable or cable-set,Normal operation,Work place / paths,,"2.3 - Falling on even ground, slipping, stumbling, twisting one’s ankle, missteps",YES,,DRX,Male,Crush/Bruise,Body,15.0,YES,Work related accident,06/03/2024
Right Eye Injury,Electric,SousseMETS,BX8,A2-Injury with lost time,C-Back End (assembly),Normal operation,Work place / paths,,"2.3 - Falling on even ground, slipping, stumbling, twisting one’s ankle, missteps",YES,,DRX,Male,Crush/Bruise,Eye,8.0,YES,Work related accident,22/05/2024
Right Ankle Injury,Electric,SousseMETS,BX8,A2-Injury with lost time,C-Back End (assembly),Normal operation,Work place / paths,,"2.3 - Falling on even ground, slipping, stumbling, twisting one’s ankle, missteps",NO,,DRX,Male,Crush/Bruise,Leg,14.0,,Non-work related accident,14/08/2024
Right Ankle injury,Electric,SousseMETS,Outside building,A2-Injury with lost time,Other,Normal operation,,,"2.3 - Falling on even ground, slipping, stumbling, twisting one’s ankle, missteps",,,DRX,Male,Sprain/Strain,Foot,11.0,,Non-work related accident,18/09/2024
Right Foot Sprain,Electric,SousseMETS,KS,A2-Injury with lost time,E-Cable Cutting - cable or cable-set,Normal operation,Work place / paths,,2.2 - Traffic routes,NO,,DRX,Female,Sprain/Strain,Foot,9.0,YES,Work related accident,04/06/2024
Finger Fracture,Interior,SousseUATS,SI,A2-Injury with lost time,Other,Normal operation,Tools / Utilities,Fire fighting door,3.1 - Heavy physical work,NO,NO,DRX,Male,Fracture,Hand,36.0,NO,Work related accident,17/02/2024
Right Knee injury,Interior,SousseUATS,Production,A2-Injury with lost time,Other,Normal operation,Tools / Utilities,wooden pallet in the production process,"10.2 - Scope of action, responsibility",NO,NO,DRX,Male,Other,Leg,8.0,NO,Work related accident,08/10/2024
